SecurityID,DateTime,PreClosePx,OpenPx,HighPx,LowPx,LastPx,Volume,Amount,IOPV,fp_Volume,fp_Amount,UpRate,Mean5,Mean10,Mean20,Mean30,EMA12,EMA26,DIF,DEA,MACD,K,D,J
601299,2014-01-02,4.92,4.91,4.99,4.85,4.89,37793997,185511069.0,0.0,,,-0.006097560975609807,,,,,4.89,4.89,0.0,0.0,0.0,,,
601299,2014-01-03,4.89,4.87,4.88,4.71,4.75,46899603,223678549.0,0.0,,,-0.02862985685071568,,,,,4.808333333333334,4.817666666666667,-0.009333333333333194,-0.005444444444444363,-0.007777777777777661,,,
601299,2014-01-06,4.75,4.7,4.71,4.51,4.53,50900676,232807138.0,0.0,,,-0.046315789473684164,,,,,4.683211009174313,4.715316549426139,-0.03210554025182599,-0.017429707697303995,-0.029351665109043995,,,
601299,2014-01-07,4.53,4.57,4.65,4.53,4.57,35739582,163883226.0,0.0,,,0.008830022075055195,,,,,4.639481981981982,4.675276544580097,-0.035794562598114865,-0.02452333971417125,-0.022542445767887227,,,
601299,2014-01-08,4.57,4.57,4.65,4.5,4.56,42394600,194065407.0,0.0,,,-0.0021881838074399728,4.66,,,,4.611586025434877,4.649048339726943,-0.03746231429206581,-0.029064558536203825,-0.016795511511723975,,,
601299,2014-01-09,4.56,4.55,4.67,4.53,4.61,39765373,183876714.0,0.0,,,0.010964912280701912,4.604,,,,4.611063475260722,4.641409147166554,-0.030345671905831928,-0.029486648875797244,-0.001718046060069367,,,
601299,2014-01-10,4.61,4.61,4.65,4.47,4.5,38021194,172433353.0,0.0,,,-0.023861171366594432,4.5539999999999985,,,,4.5760052748927444,4.616951513919228,-0.040946239026483866,-0.03310397317340779,-0.015684531706152152,,,
601299,2014-01-13,4.5,4.49,4.55,4.44,4.5,20745223,93257049.0,0.0,,,0.0,4.548,,,,4.55271105747188,4.5987028769130545,-0.045991819441174364,-0.0370538607762311,-0.017875917329886526,,,
601299,2014-01-14,4.5,4.5,4.58,4.42,4.56,27927720,126097612.0,0.0,,,0.013333333333333246,4.545999999999999,,,,4.554899535375624,4.593170188419719,-0.03827065304409505,-0.03741919813228691,-0.0017029098236162749,24.56140350877186,24.56140350877186,24.56140350877186
601299,2014-01-15,4.56,4.56,4.58,4.47,4.53,25235964,113831117.0,0.0,,,-0.006578947368420914,4.54,4.6,,,4.547530627375292,4.584796622280624,-0.037265994905332,-0.037373858310970814,0.00021572681127762783,24.17238749046531,24.32799389778793,23.861174675820074
601299,2014-01-16,4.53,4.52,4.54,4.44,4.47,35758414,160234074.0,0.0,,,-0.01324503311258289,4.512,4.558,,,4.524818157614049,4.570549076395633,-0.045730918781583973,-0.03982204542950005,-0.011817746704167853,20.88927835251347,22.699128639500028,17.26957777854036
601299,2014-01-17,4.47,4.45,4.45,4.29,4.32,47489349,205721536.0,0.0,,,-0.03355704697986565,4.476,4.515,,,4.465247950256412,4.541202068178663,-0.07595411792225093,-0.05033085517433824,-0.05124652549582538,15.49154572511317,19.70520958275472,7.064218009830071
601299,2014-01-20,4.32,4.32,4.37,4.27,4.29,21561386,93111487.0,0.0,,,-0.0069444444444445004,4.433999999999998,4.4910000000000005,,,4.414538216180413,4.513249299627991,-0.09871108344757751,-0.06433015449100628,-0.06876185791314246,11.46398551784228,16.541516932243308,1.308922689040223
601299,2014-01-21,4.29,4.29,4.44,4.29,4.35,36103800,157960067.0,0.0,,,0.013986013986013894,4.3919999999999995,4.468999999999999,,,4.395931276888303,4.495895048898773,-0.09996377201046958,-0.07460364200248991,-0.050720260015959334,14.58316073463074,15.825907073566839,12.097668056758543
601299,2014-01-22,4.35,4.36,4.55,4.36,4.54,86621700,387341031.0,0.0,,,0.043678160919540326,4.393999999999999,4.467,,,4.437360075730373,4.500395562572393,-0.0630354868420202,-0.07127707144112398,0.016483169198207553,34.57647994080209,22.464648025589423,58.80014377122742
601299,2014-01-23,4.54,4.54,4.59,4.5,4.57,46357137,211039555.0,0.0,,,0.006607929515418557,4.414,4.462999999999999,,,4.4754320029322905,4.507241188261121,-0.03180918532883048,-0.05994851787661546,0.05627866509556996,55.10185478132011,33.785436475198146,97.73469139356403
601299,2014-01-24,4.57,4.55,4.61,4.52,4.56,36217657,165241298.0,0.0,,,-0.0021881838074399728,4.461999999999999,4.468999999999999,,,4.499673791639562,4.512260224059968,-0.012586432420405913,-0.04637196754817475,0.06757107025553767,65.43472404542268,44.61695156299969,107.07026901026867
601299,2014-01-27,4.56,4.52,4.52,4.39,4.43,43576839,193189803.0,0.0,,,-0.02850877192982454,4.489999999999998,4.462,,,4.479720251163675,4.504667135356122,-0.024946884192447172,-0.040236141466692854,0.030578514548491365,59.20132723617419,49.56420303004137,78.47557564843981
601299,2014-01-28,4.43,4.43,4.46,4.37,4.43,35785186,157652275.0,0.0,,,0.0,4.5059999999999985,4.449,,,4.465490655089556,4.4979612849248385,-0.032470629835282594,-0.0380137051105272,0.011086150550489213,55.1064854530651,51.43323846026729,62.45297943866072
601299,2014-01-29,4.43,4.45,4.59,4.34,4.43,94446469,417483522.0,0.0,,,0.0,4.483999999999999,4.438999999999999,4.519500000000002,,4.455338333903096,4.49200826109067,-0.03666992718757456,-0.03762930913241228,0.0019187638896754483,52.4030955151887,51.759035173440196,53.69121619868571
601299,2014-01-30,4.43,4.37,4.45,4.27,4.3,66839512,290239142.0,0.0,,,-0.029345372460496587,4.429999999999999,4.421999999999999,4.49,,4.410918030653809,4.475568817304087,-0.06465078665027768,-0.04535632792698839,-0.03858891744657858,37.8015473520359,47.08251016680775,19.23962172249219
601299,2014-02-07,4.3,4.27,4.29,4.21,4.28,39879788,169252296.0,0.0,,,-0.0046511627906975755,4.374,4.417999999999998,4.466500000000001,,4.3734900556802785,4.459170565001286,-0.08568050932100757,-0.056884552454245514,-0.05759191373352411,31.01110432438826,41.706961010146586,9.619390952871612
601299,2014-02-10,4.28,4.31,4.58,4.3,4.51,92205031,409234485.0,0.0,,,0.053738317757009234,4.389999999999999,4.44,4.4655000000000005,,4.41250989267607,4.4633517289984574,-0.05084183632238748,-0.05515730980059166,0.008630946956408356,45.707631395038,43.04357016364486,51.03575385782429
601299,2014-02-11,4.51,4.49,4.52,4.44,4.5,51112995,229186896.0,0.0,,,-0.0022172949002216822,4.403999999999999,4.454999999999999,4.4620000000000015,,4.437514845724098,4.466313813630167,-0.028798967906069173,-0.047624011217974264,0.03765008662381018,54.65203824241363,46.918959566582956,70.11819559407499
601299,2014-02-12,4.5,4.51,4.55,4.48,4.51,42659327,192335106.0,0.0,,,0.002222222222222175,4.419999999999999,4.451999999999999,4.4595,,4.458229493181103,4.469788075331303,-0.011558582150200003,-0.03731731247410543,0.05151746064781085,61.44158327298427,51.76475241754912,80.79524498385456
601299,2014-02-13,4.51,4.5,4.5,4.42,4.43,46234173,206119730.0,0.0,,,-0.017738359201773853,4.445999999999999,4.437999999999999,4.4505,,4.450162643214147,4.466670619311928,-0.016507976097781096,-0.03137084388599386,0.02972573557642552,60.25850060891386,54.597918846943266,71.57966413285506
601299,2014-02-14,4.43,4.43,4.57,4.41,4.57,85852385,387593327.0,0.0,,,0.03160270880361187,4.503999999999999,4.438999999999998,4.4540000000000015,,4.484405770554743,4.474656150024897,0.009749620529846403,-0.019620807527863084,0.058740856115418974,71.75646776007505,60.32001634939044,94.62937058144428
601299,2014-02-17,4.57,4.58,4.6,4.54,4.58,49332447,225376991.0,0.0,,,0.002188183807439778,4.517999999999999,4.453999999999999,4.458,,4.511720619685207,4.482694741609664,0.0290258780755428,-0.00572062876534645,0.0694930136817785,79.46389464147175,66.70322872832162,104.98522646777201
601299,2014-02-18,4.58,4.56,4.57,4.47,4.49,38846817,174865456.0,0.0,,,-0.01965065502183403,4.516,4.459999999999999,4.4545,,4.505514369328549,4.483245695330432,0.022268673998117272,0.002276777513842458,0.03998379296854963,76.90704107984186,70.10518155530465,90.51076012891627
601299,2014-02-19,4.49,4.48,4.56,4.44,4.54,48644836,218963874.0,0.0,,,0.011135857461024459,4.522,4.470999999999998,4.455,4.503333333333333,4.515367813806279,4.48747987232078,0.027887941485499113,0.009594555303931048,0.03658677236313613,79.47683239608884,73.2294827541938,91.97153167987892
601299,2014-02-20,4.54,4.55,4.72,4.53,4.59,115046829,531243240.0,0.0,,,0.011013215859030798,4.5539999999999985,4.499999999999998,4.461,4.493333333333334,4.536691924939817,4.495052028892283,0.04163989604753482,0.018750637179316514,0.04577851773643661,76.00011815471316,74.15311018732697,79.69413408948554
601299,2014-02-21,4.59,4.59,4.59,4.47,4.53,52399864,236783050.0,0.0,,,-0.013071895424836515,4.546,4.524999999999999,4.471500000000002,4.4860000000000015,4.534779906077232,4.4976093966244655,0.03717050945276679,0.024013568779711038,0.026313881346111498,63.56923280865736,70.62494147662022,49.457815472731625
601299,2014-02-24,4.53,4.48,4.48,4.32,4.37,46771032,204972099.0,0.0,,,-0.03532008830022078,4.504,4.510999999999998,4.4755,4.480666666666667,4.4876992239591065,4.4883515721899085,-0.0006523482308020689,0.016966057796304095,-0.03523681205421233,46.545481028973825,62.59813678219081,14.440169522539861
601299,2014-02-25,4.37,4.36,4.41,4.23,4.31,51538938,223650121.0,0.0,,,-0.013729977116704921,4.468000000000001,4.491999999999999,4.4735000000000005,4.472,4.436927471017711,4.47551559598152,-0.03858812496380892,0.001093263424356309,-0.07936277677633047,36.47223160865524,53.88927179795482,1.6381512300560814
601299,2014-02-26,4.31,4.24,4.32,4.2,4.26,36807842,156522044.0,0.0,,,-0.0116009280742459,4.412000000000001,4.466999999999999,4.4595,4.4620000000000015,4.386376376639397,4.460119682478766,-0.07374330583936839,-0.020288777781788944,-0.10690905611515888,28.160828630037336,45.31297312434757,-6.143460358583141
601299,2014-02-27,4.26,4.3,4.39,4.26,4.39,60529753,262178608.0,0.0,,,0.030516431924882605,4.372000000000001,4.462999999999999,4.450500000000001,4.454666666666666,4.387411703281137,4.4551449342639,-0.06773323098276318,-0.03384441022851499,-0.06777764150849638,30.953405700843824,40.52639448430552,11.807428133920425
601299,2014-02-28,4.39,4.35,4.4,4.26,4.35,36881218,159836608.0,0.0,,,-0.0091116173120729,4.336,4.440999999999999,4.44,4.449666666666666,4.376722603301796,4.44773292812102,-0.0710103248192242,-0.0444632845924636,-0.05309408045352121,30.250982921144796,37.10123050275169,16.55048775793101
601299,2014-03-03,4.35,4.33,4.51,4.31,4.46,51072177,226064579.0,0.0,,,0.02528735632183916,4.354,4.428999999999999,4.4415,4.448333333333333,4.400516211834085,4.448592535690943,-0.04807632385685778,-0.04549558441543151,-0.005161478882852552,36.83402294527598,37.01216085241976,36.47774713098842
601299,2014-03-04,4.46,4.42,4.44,4.35,4.39,32550528,142916553.0,0.0,,,-0.015695067264574054,4.37,4.418999999999999,4.439500000000002,4.442666666666666,4.397511573872537,4.444509394697418,-0.04699782082488113,-0.045924795676507695,-0.0021460502967468736,36.73550213380755,36.91994095892535,36.36662448357194
601299,2014-03-05,4.39,4.4,4.48,4.31,4.34,39345988,173056480.0,0.0,,,-0.011389521640091077,4.386,4.398999999999999,4.4350000000000005,4.436333333333333,4.381079672150359,4.43726390906875,-0.056184236918390695,-0.04885606879006751,-0.014656336256646377,36.456146074186584,36.765342305680576,35.83775361119859
601299,2014-03-06,4.34,4.31,4.36,4.24,4.33,44417075,191327175.0,0.0,,,-0.002304147465437739,4.374,4.372999999999998,4.4365000000000006,4.431666666666667,4.3664854652161535,4.4298630729288115,-0.06337760771265799,-0.0530050841442688,-0.020745047136778383,38.28259482869997,37.2710939281812,40.30559662973751
601299,2014-03-07,4.33,4.33,4.41,4.29,4.31,38174514,165927386.0,0.0,,,-0.004618937644341908,4.3660000000000005,4.350999999999999,4.4380000000000015,4.431333333333333,4.350346749106402,4.421629826503054,-0.07128307739665196,-0.058227371736791086,-0.02611141131972175,37.34968591401837,37.297291283780595,37.45447517449392
601299,2014-03-10,4.31,4.25,4.28,4.18,4.23,51237002,216438760.0,0.0,,,-0.018561484918793315,4.319999999999999,4.337,4.424000000000001,4.429333333333333,4.315961945747101,4.408521705833169,-0.09255976008606837,-0.06803663065745646,-0.0490462588572238,29.950290578230955,34.84828936671718,20.15429300125851
601299,2014-03-11,4.23,4.2,4.25,4.19,4.25,30563489,128733918.0,0.0,,,0.004728132387706754,4.292,4.331,4.411500000000001,4.426,4.297115668525677,4.397720278737172,-0.10060461021149436,-0.07734177113300154,-0.046525678156985634,27.037566122629748,32.24471375999773,16.623270847893778
601299,2014-03-12,4.25,4.23,4.24,4.17,4.22,30477272,128034934.0,0.0,,,-0.007058823529411823,4.267999999999999,4.327,4.397,4.415333333333334,4.275082614523366,4.3856543969682145,-0.11057178244484867,-0.08683606260098732,-0.04747143968772269,22.927003611410864,29.138809429128564,10.503391975975461
601299,2014-03-13,4.22,4.22,4.28,4.19,4.27,31426535,133510220.0,0.0,,,0.01184834123222745,4.2559999999999985,4.315,4.3889999999999985,4.405333333333334,4.273630438669756,4.377828748415605,-0.10419830974584876,-0.0917967055835035,-0.024803208324690518,25.088591082751712,27.788736372283488,19.688300503688154
601299,2014-03-14,4.27,4.25,4.25,4.19,4.2,22789787,95994120.0,0.0,,,-0.016393442622950682,4.233999999999999,4.299999999999999,4.3705,4.3933333333333335,4.252593167627565,4.3658338887231425,-0.11324072109557726,-0.09792356798865383,-0.030634306213846857,19.951533143238304,25.176334941545623,9.501929546623664
601299,2014-03-17,4.2,4.2,4.26,4.19,4.26,30308963,127842870.0,0.0,,,0.01428571428571419,4.239999999999998,4.279999999999999,4.3545,4.387666666666666,4.254709405653103,4.358716103166661,-0.10400669751355807,-0.09966160516400317,-0.008690184699109788,22.978441724077612,24.443703802798794,20.04791756663525
601299,2014-03-18,4.26,4.34,4.38,4.29,4.3,68044617,294538797.0,0.0,,,0.009389671361502356,4.249999999999998,4.270999999999999,4.3450000000000015,4.383333333333334,4.26764957636118,4.354777975264314,-0.0871283989031344,-0.09608068884188646,0.01790457987750413,33.37451733173889,27.420641825263836,45.282268344689
601299,2014-03-19,4.3,4.31,4.32,4.2,4.28,32966575,140626107.0,0.0,,,-0.0046511627906975755,4.261999999999999,4.264999999999999,4.332,4.378333333333333,4.27117826900368,4.3497753463492455,-0.07859707734556576,-0.09108537102481357,0.024976587358495617,37.52745616586256,30.789580074209685,51.00320834916831
601299,2014-03-20,4.28,4.3,4.46,4.27,4.37,98264604,431849117.0,0.0,,,0.02102803738317753,4.281999999999999,4.268999999999999,4.3210000000000015,4.3806666666666665,4.299413050284332,4.351125153462442,-0.0517121031781107,-0.07983586552892641,0.05624752470163141,48.00681013851007,36.5286569160962,70.9631165833378
601299,2014-03-21,4.37,4.35,4.6,4.32,4.52,131936048,592545985.0,0.0,,,0.03432494279176189,4.345999999999999,4.289999999999999,4.3205,4.3886666666666665,4.36243789464825,4.362370958500014,6.693614823571892e-05,-0.05700649304594296,0.11414685838835736,59.13632323689679,44.064545824319346,89.27987806205168
601299,2014-03-24,4.52,4.53,4.76,4.53,4.69,132999191,622555072.0,0.0,,,0.03761061946902673,4.4319999999999995,4.3359999999999985,4.336499999999999,4.394666666666667,4.456027069290272,4.3841434001315305,0.07188366915874145,-0.020180731753258557,0.18412880182400002,68.8027466798331,52.310612874363756,101.78701429077182
601299,2014-03-25,4.69,4.71,4.75,4.62,4.7,51443786,240596569.0,0.0,,,0.0021321961620468627,4.511999999999999,4.3809999999999985,4.356,4.4013333333333335,4.5257336218177295,4.405092900390426,0.12064072142730353,0.020053969672707218,0.20117350350919264,75.69305924477095,60.104761726382414,106.86965428154802
601299,2014-03-26,4.7,4.7,4.72,4.59,4.62,42311495,195721620.0,0.0,,,-0.0170212765957447,4.579999999999999,4.4209999999999985,4.374,4.405,4.552666872974262,4.419321074607268,0.13334579836699412,0.05242306388258784,0.16184546896881255,75.60823832647438,65.27258728710028,96.27954040522258
601299,2014-03-27,4.62,4.61,4.68,4.55,4.57,37008749,170480794.0,0.0,,,-0.010822510822510784,4.619999999999999,4.450999999999999,4.382999999999999,4.409666666666666,4.557619195014098,4.429280116819314,0.1283390781947844,0.07411335382833668,0.10845144873289544,72.62771442935433,67.72429634316973,82.43455060172352
601299,2014-03-28,4.57,4.55,4.66,4.55,4.6,37211199,171676788.0,0.0,,,0.006564551422319334,4.635999999999999,4.490999999999999,4.395499999999998,4.410666666666667,4.56972799649537,4.440545974063153,0.1291820224322171,0.08984725921744313,0.07866952642954794,72.22800009481969,69.2255309305847,78.23293842328968
601299,2014-03-31,4.6,4.66,4.69,4.56,4.64,46128316,213703829.0,0.0,,,0.008695652173913052,4.626,4.528999999999999,4.4045,4.4126666666666665,4.5898057118495945,4.453688631569133,0.13611708028046188,0.10306720813683018,0.0660997442872634,74.3424762570055,70.93117937539998,81.16507002021655
601299,2014-04-01,4.64,4.62,4.78,4.62,4.75,74000793,349720305.0,0.0,,,0.02370689655172421,4.635999999999999,4.574,4.422499999999999,4.421333333333332,4.635575508573398,4.473186676596587,0.16238883197681098,0.12001624356019451,0.08474517683323293,80.93419986450348,74.26551954192071,94.27156050966903
601299,2014-04-02,4.75,4.8,4.92,4.78,4.85,100298703,487504713.0,0.0,,,0.02105263157894729,4.681999999999999,4.630999999999999,4.447999999999999,4.431666666666667,4.696839649085596,4.497950099616217,0.19888954946937876,0.14255147385843656,0.1126761512218844,83.40057768916589,77.31053892645825,95.58065521458116
601299,2014-04-03,4.85,5.0,5.08,4.78,4.81,107061672,527615518.0,0.0,,,-0.008247422680412378,4.729999999999999,4.675,4.4719999999999995,4.438999999999998,4.729171177957712,4.518432781322928,0.21073839663478378,0.16203345181829445,0.09740988963297864,72.5700820907747,75.73038664716279,66.24947297799855
601299,2014-04-04,4.81,4.78,4.83,4.71,4.78,44858476,214153960.0,0.0,,,-0.006237006237006105,4.765999999999998,4.7010000000000005,4.495499999999999,4.447333333333332,4.743693698553873,4.53558256499091,0.20811113356296307,0.17519850375681054,0.06582525961230506,62.845463529201986,71.43541227317864,45.66556604124867
601299,2014-04-08,4.78,4.76,4.9,4.75,4.88,45625465,220718358.0,0.0,,,0.020920502092050132,4.813999999999998,4.7200000000000015,4.527999999999999,4.464333333333332,4.78263835613414,4.558140792152349,0.22449756398179144,0.18928394954414055,0.07042722887530178,62.65169266722671,68.50750573725664,50.94006652716686
601299,2014-04-09,4.88,4.9,5.0,4.83,4.86,74300219,364862105.0,0.0,,,-0.0040983606557376175,4.835999999999999,4.7360000000000015,4.558499999999999,4.482666666666665,4.804741682962781,4.577892224261849,0.22684945870093198,0.20001695216513676,0.05366501307159044,61.26465045720548,66.09322064357384,51.60751008446874
601299,2014-04-10,4.86,4.86,4.98,4.8,4.9,91033076,445167178.0,0.0,,,0.008230452674897125,4.845999999999998,4.764000000000001,4.592499999999999,4.504,4.831958344982055,4.598949274641221,0.23300907034083362,0.20944327164689971,0.04713159738786782,62.855678921301916,65.01404006938414,58.53895662513747
601299,2014-04-11,4.9,4.89,4.92,4.79,4.81,52870764,255199993.0,0.0,,,-0.01836734693877566,4.845999999999998,4.788000000000001,4.6195,4.518,4.825684532128617,4.612734419615656,0.21295011251296092,0.21044522618028724,0.005009772665347356,57.92942697287417,62.65250237040297,48.48327617781655
601299,2014-04-14,4.81,4.78,4.83,4.73,4.76,34675312,165497176.0,0.0,,,-0.01039501039501036,4.841999999999997,4.8039999999999985,4.647499999999999,4.531666666666666,4.806917522945973,4.622345632150137,0.18457189079583625,0.20305284464067538,-0.036961907689678275,48.76454551777409,58.023183419337826,30.24726971464662
601299,2014-04-15,4.76,4.76,4.76,4.62,4.66,55722060,260725488.0,0.0,,,-0.021008403361344463,4.797999999999997,4.806,4.667499999999999,4.538333333333332,4.764941087813695,4.624801287436695,0.1401398003770007,0.1850776891346888,-0.08987577751537623,35.408247736123826,50.48487152472814,5.255000158915195
601299,2014-04-16,4.66,4.66,4.73,4.64,4.69,40347641,189514922.0,0.0,,,0.0064377682403434005,4.763999999999999,4.8,4.686999999999999,4.548333333333333,4.743529348436584,4.629050293548447,0.11447905488813692,0.16490665077686426,-0.10085519177745467,28.677962258743154,43.215901769268015,-0.3979167623065649
601299,2014-04-17,4.69,4.69,4.74,4.66,4.69,22695144,106583153.0,0.0,,,0.0,4.721999999999999,4.784,4.707499999999999,4.56,4.728235248882371,4.633019795631644,0.09521545325072722,0.14499488005393552,-0.09955885360641659,25.258992382980455,37.23026530709981,1.3164465347417433
601299,2014-04-18,4.69,4.65,4.65,4.53,4.57,88084939,402866898.0,0.0,,,-0.02558635394456292,4.673999999999999,4.76,4.7174999999999985,4.567999999999999,4.683025177771216,4.628917981547959,0.054107196223257326,0.11902697038693263,-0.12983954832735062,19.676207687899435,31.378912767319203,-3.729202470940102
601299,2014-04-21,4.57,4.5,4.59,4.45,4.46,47213322,213238371.0,0.0,,,-0.02407002188183814,4.613999999999999,4.728,4.714499999999998,4.572999999999999,4.619303698406093,4.617929777846497,0.0013739205595966197,0.08541181329239575,-0.16807578546559826,13.723532397961572,25.493785977501712,-9.816974761118708
601299,2014-04-22,4.46,4.46,4.48,4.38,4.46,39837967,176505696.0,0.0,,,0.0,4.573999999999999,4.685999999999999,4.702999999999999,4.580666666666667,4.573788356003373,4.607661849744243,-0.03387349374087023,0.051330296996443786,-0.17040758147462803,13.593466043085028,21.52701266601528,-2.2736272027754794
601299,2014-04-23,4.46,4.47,4.6,4.45,4.57,70471058,320753223.0,0.0,,,0.024663677130044914,4.549999999999999,4.656999999999999,4.696499999999999,4.591333333333333,4.572705968573821,4.605214457957057,-0.03250848938323614,0.02737635803045291,-0.11976969482737809,20.790705757135623,21.281577029721472,19.80896321196392
601299,2014-04-24,4.57,4.56,4.59,4.51,4.54,20483593,93187358.0,0.0,,,-0.006564551422319529,4.519999999999998,4.621,4.692499999999998,4.601999999999999,4.563361406124056,4.600978585327611,-0.03761717920355512,0.008806775963389678,-0.09284791033388959,25.712322356616774,22.758492138688926,31.619982792472477
601299,2014-04-25,4.54,4.57,4.61,4.52,4.52,27773372,126611698.0,0.0,,,-0.004405286343612437,4.509999999999998,4.591999999999999,4.689999999999999,4.610333333333332,4.550972432945657,4.5957210825150066,-0.04474864956934965,-0.006494774188941509,-0.07650775076081628,29.422249992134393,24.97974475650644,38.30726046339029
601299,2014-04-28,4.52,4.51,4.54,4.44,4.45,29916387,134222332.0,0.0,,,-0.015486725663716682,4.507999999999997,4.560999999999999,4.682499999999998,4.618666666666666,4.522123166389594,4.5862640615114145,-0.06414089512182031,-0.02296509445557053,-0.08235160133249955,26.096314809568746,25.351934774194135,27.58507488031796
601299,2014-04-29,4.45,4.43,4.51,4.41,4.5,24777854,110532503.0,0.0,,,0.011235955056179735,4.515999999999997,4.544999999999999,4.675499999999998,4.626666666666666,4.515802261706828,4.580667825631906,-0.06486556392507836,-0.03493665716119208,-0.05985781352777256,28.50865431749141,26.40417462196039,32.71761370855345
601299,2014-04-30,4.5,4.51,4.53,4.47,4.49,31708636,142470247.0,0.0,,,-0.002222222222222175,4.499999999999997,4.525,4.662499999999998,4.632999999999999,4.508430186933428,4.574788003169672,-0.06635781623624482,-0.04391413118266137,-0.044887370107166896,32.58601645857582,28.464788567499514,40.82847224072844
601299,2014-05-05,4.49,4.68,4.71,4.55,4.59,91784523,422515544.0,0.0,,,0.022271714922048918,4.509999999999997,4.514999999999999,4.649499999999998,4.6433333333333335,4.531735847809639,4.575774174102175,-0.04403832629253657,-0.043949615499768634,-0.00017742158553586684,42.93613218450726,33.288569773169776,62.231257007182236
601299,2014-05-06,4.59,4.61,4.67,4.59,4.65,47376011,219680826.0,0.0,,,0.01307189542483671,4.535999999999998,4.522999999999999,4.641499999999999,4.652666666666666,4.565525605578363,4.580584620394325,-0.015059014815962612,-0.03569515816152631,0.0412722866911274,55.89681539573396,40.82465164735889,86.04114289248409
601299,2014-05-07,4.65,4.65,4.79,4.61,4.72,85195492,401888144.0,0.0,,,0.015053763440860084,4.589999999999998,4.548999999999999,4.638499999999999,4.6593333333333335,4.6096611468417334,4.589617249271151,0.02004389757058256,-0.01976971366662148,0.07962722247440808,64.45752605329709,48.702276449339024,95.9680252612132
601299,2014-05-08,4.72,4.72,4.8,4.67,4.68,60224557,285291558.0,0.0,,,-0.00847457627118645,4.625999999999999,4.570999999999999,4.628499999999998,4.659,4.6297579620298235,4.59547148765412,0.03428647437570387,-0.004325088511659896,0.07722312577472754,66.04860711245455,54.48438667037789,89.17704799660788
601299,2014-05-09,4.68,4.7,4.7,4.58,4.61,38829388,179705160.0,0.0,,,-0.014957264957264831,4.649999999999997,4.574999999999998,4.615999999999998,4.6560000000000015,4.6241128300213,4.596412282750435,0.02770054727086535,0.004825093140495034,0.04575090826074063,61.12642183565329,56.69839839213645,69.98246872268699
601299,2014-05-12,4.61,4.67,4.72,4.62,4.7,55433444,259173742.0,0.0,,,0.01952277657266808,4.671999999999997,4.590999999999998,4.605999999999998,4.658666666666666,4.645794878586651,4.603118511988694,0.042676366597956594,0.01563974269977387,0.05407324779636545,65.53727267676045,59.64468982034453,77.3224383895923
601299,2014-05-13,4.7,4.72,4.76,4.67,4.7,46751103,220683054.0,0.0,,,0.0,4.681999999999997,4.608999999999999,4.6004999999999985,4.662999999999999,4.661282056133326,4.609389181083234,0.051892875050092435,0.02599778051415341,0.05179018907187805,68.47783990416517,62.58907318161813,80.25537334925923
601299,2014-05-14,4.7,4.71,4.72,4.63,4.66,20025839,93568308.0,0.0,,,-0.00851063829787235,4.669999999999996,4.629999999999998,4.595499999999999,4.665,4.660915754380946,4.612664289485449,0.0482514648954977,0.03235597605168158,0.03179097768763224,64.84381246136263,63.34065294153299,67.85013150102192
601299,2014-05-15,4.66,4.65,4.65,4.53,4.54,35842614,164592715.0,0.0,,,-0.025751072961373408,4.641999999999997,4.633999999999999,4.589499999999998,4.661666666666666,4.626368395986385,4.607962984228913,0.018405411757472123,0.02837010053904975,-0.019929377563155257,44.46377620880947,57.04836069729176,19.294607231844893
601299,2014-05-16,4.54,4.53,4.56,4.52,4.55,20612746,93564951.0,0.0,,,0.0022026431718061203,4.629999999999997,4.639999999999998,4.582499999999998,4.655,4.604548854275987,4.60421352398007,0.00033533029591747976,0.02036016618386831,-0.04004967177590166,33.21394604396819,49.10355581285053,1.4347265062035177
601299,2014-05-19,4.55,4.54,4.55,4.38,4.41,42871607,190120188.0,0.0,,,-0.0307692307692307,4.571999999999997,4.621999999999997,4.5684999999999985,4.640333333333333,4.548963467339987,4.591652552831904,-0.042689085491916856,0.0023460942764998486,-0.09007035953683341,24.52358307693117,40.91023156754405,-8.249713904294595
601299,2014-05-20,4.41,4.45,4.48,4.41,4.43,26082568,115789131.0,0.0,,,0.004535147392290152,4.517999999999997,4.599999999999997,4.561499999999998,4.627666666666667,4.5149739052428455,4.581199170071362,-0.06622526482851665,-0.01724572261064871,-0.09795908443573588,20.317309352874727,34.045924162654266,-7.139920266684356
601299,2014-05-21,4.43,4.43,4.48,4.4,4.48,22415272,99682790.0,0.0,,,0.011286681715575779,4.4819999999999975,4.575999999999998,4.562499999999998,4.617666666666667,4.504981360887746,4.574656029303353,-0.06967466841560643,-0.03222542141206574,-0.07489849400708139,22.316802726477942,30.13621701726215,6.67797414490952
601299,2014-05-22,4.48,4.47,4.52,4.41,4.43,39039807,173933102.0,0.0,,,-0.011160714285714444,4.459999999999997,4.5509999999999975,4.560999999999999,4.602666666666667,4.483558114919818,4.56530444742377,-0.08174633250395225,-0.0463742531526051,-0.0707441587026943,19.263833396599313,26.51208914370787,4.767321902382207
601299,2014-05-23,4.43,4.41,4.45,4.39,4.44,25854522,114225697.0,0.0,,,0.002257336343115277,4.437999999999997,4.533999999999997,4.554499999999999,4.588666666666667,4.471112939228441,4.55720494792158,-0.08609200869313849,-0.057722183307043415,-0.05673965077219015,18.105713492469764,23.7099639266285,6.897212624152296
601299,2014-05-26,4.44,4.45,4.47,4.43,4.46,20632778,91747950.0,0.0,,,0.004504504504504408,4.447999999999999,4.509999999999997,4.550499999999998,4.574,4.4679378137346015,4.55092252889255,-0.08298471515794859,-0.06494004955015928,-0.03608933121557861,19.91361291654848,22.444513589935163,14.851811569775116
601299,2014-05-27,4.46,4.46,4.46,4.41,4.42,23951442,106108950.0,0.0,,,-0.008968609865470859,4.445999999999998,4.4819999999999975,4.545499999999999,4.560999999999999,4.4542412955247155,4.542461889593524,-0.08822059406880811,-0.07159163369834472,-0.03325792074092679,18.21401354930392,21.03434690972475,12.573346828462263
601299,2014-05-28,4.42,4.41,4.45,4.4,4.44,22127221,97833326.0,0.0,,,0.0045248868778281605,4.437999999999998,4.459999999999996,4.544999999999998,4.550333333333334,4.4501723539462255,4.535841178515707,-0.08566882456948122,-0.07561368823295518,-0.02011027267305207,23.25378681064717,21.77416021003222,26.21304001187707
601299,2014-05-29,4.44,4.45,4.46,4.4,4.41,19440017,86099515.0,0.0,,,-0.006756756756756812,4.433999999999998,4.4469999999999965,4.540499999999998,4.542,4.438694538533018,4.527710598310394,-0.08901605977737592,-0.07944293724564684,-0.01914624506345816,21.38487748160797,21.64439930055747,20.865833843708963
601299,2014-05-30,4.41,4.41,4.42,4.36,4.37,27844188,121864512.0,0.0,,,-0.009070294784580506,4.419999999999998,4.428999999999997,4.534499999999999,4.531333333333333,4.419067527523584,4.5175218944751245,-0.09845436695154053,-0.08487477430447363,-0.027159185294133803,16.339918321071945,19.876238974062293,9.267277015091246
601299,2014-06-03,4.37,4.37,4.4,4.32,4.33,28114658,122451894.0,0.0,,,-0.009153318077803212,4.393999999999998,4.420999999999997,4.521499999999998,4.519333333333334,4.393619662516846,4.50540832964564,-0.11178866712879376,-0.09256445796856512,-0.038448418320457284,12.559945547381266,17.437474498501953,2.8048876451398925
601299,2014-06-04,4.33,4.33,4.35,4.29,4.35,21974884,94994058.0,0.0,,,0.004618937644341702,4.379999999999998,4.412999999999997,4.506499999999997,4.5120000000000005,4.3811569017977465,4.4953700644492685,-0.11421316265152193,-0.09874980216369564,-0.030926720975652577,17.068949205500516,17.31463273416814,16.57758214816527
601299,2014-06-05,4.35,4.35,4.38,4.31,4.38,17612409,76544397.0,0.0,,,0.006896551724137989,4.367999999999999,4.402999999999997,4.489499999999998,4.509333333333333,4.380826358426962,4.487918556069516,-0.10709219764255451,-0.10113334372908389,-0.011917707826941237,28.045966137000345,20.89174386844554,42.35441067410995
601299,2014-06-06,4.38,4.37,4.39,4.31,4.34,17250941,75129780.0,0.0,,,-0.009132420091324207,4.353999999999997,4.3939999999999975,4.472499999999998,4.505333333333334,4.369161684590686,4.478365494960235,-0.1092038103695483,-0.10343919134064515,-0.011529238057806285,27.95657001725947,23.246685918050186,37.37633821567804
601299,2014-06-09,4.34,4.32,4.37,4.26,4.28,37260895,160579741.0,0.0,,,-0.01382488479262664,4.335999999999999,4.377999999999998,4.455999999999999,4.495666666666667,4.343686917564776,4.465555266413922,-0.1218683488491461,-0.10870466491450256,-0.026327367869287077,21.971046678173053,22.821472838091143,20.270194358336873
601299,2014-06-10,4.28,4.31,4.36,4.26,4.36,36007125,155724810.0,0.0,,,0.018691588785046745,4.341999999999997,4.367999999999999,4.438999999999998,4.4896666666666665,4.348347798260555,4.458739049745206,-0.11039125148465079,-0.10918654679168777,-0.0024094093859260424,31.31403111878211,25.652325598321465,42.637442159703404
601299,2014-06-11,4.36,4.37,4.39,4.31,4.35,30813682,134013161.0,0.0,,,-0.0022935779816515307,4.341999999999997,4.360999999999998,4.421499999999997,4.484,4.3488198559003965,4.451717653091303,-0.10289779719090664,-0.1073897611914646,0.008983928001115915,35.8760207458547,29.060223980832546,49.507614275899016
601299,2014-06-12,4.35,4.34,4.38,4.32,4.38,30817706,134111966.0,0.0,,,0.006896551724137989,4.341999999999997,4.354999999999999,4.407499999999997,4.4816666666666665,4.357728468500283,4.4470870219903755,-0.0893585534900927,-0.10223798756250119,0.025758868144816982,48.91734716390314,35.67926504185608,75.39351140799725
601299,2014-06-13,4.38,4.38,4.52,4.37,4.48,70639294,314311770.0,0.0,,,0.022831050228310626,4.369999999999997,4.361999999999999,4.404499999999997,4.481,4.392663191785917,4.449212022193643,-0.05654883040772596,-0.08918394266113684,0.06527022450682177,60.81669298106374,44.058407688258626,94.33326356667396
601299,2014-06-16,4.48,4.49,4.53,4.48,4.51,42967391,193556495.0,0.0,,,0.006696428571428428,4.415999999999997,4.376,4.402499999999998,4.4816666666666665,4.426187994132798,4.453136560881338,-0.026948566748539626,-0.07140240668610906,0.08890767987513887,71.40865951823997,53.175158298252406,107.8756619582151
601299,2014-06-17,4.51,4.52,4.52,4.44,4.47,33707328,150518527.0,0.0,,,-0.008869179600886927,4.437999999999997,4.389999999999999,4.405499999999998,4.477666666666666,4.4387057100948555,4.454225234095119,-0.015519524000263907,-0.055435868775867585,0.07983268955120736,73.53169893808585,59.960671844863555,100.67375312453044
601299,2014-06-18,4.47,4.46,4.47,4.41,4.42,24122729,106778655.0,0.0,,,-0.011185682326621885,4.451999999999996,4.396999999999999,4.4049999999999985,4.469999999999999,4.433361221496325,4.452015807656884,-0.018654586160558928,-0.04492693088577939,0.052544689450440926,68.77421904514364,62.898520911623585,80.52561531218375
601299,2014-06-19,4.42,4.43,4.48,4.36,4.38,38554411,170597608.0,0.0,,,-0.009049773755656116,4.451999999999996,4.396999999999999,4.399999999999999,4.458666666666665,4.41811515821166,4.447366975516555,-0.029251817304895233,-0.04044832700552677,0.02239301940126308,60.66429417824389,62.15377866716369,57.68532520040429
601299,2014-06-20,4.38,4.37,4.45,4.35,4.44,25912632,113748339.0,0.0,,,0.013698630136986415,4.443999999999997,4.406999999999999,4.400499999999998,4.450666666666665,4.424367970151185,4.446891433090397,-0.022523462939211925,-0.035326937272293954,0.02560694866616406,62.66508500771818,62.324214114015184,63.34682679512419
601299,2014-06-23,4.44,4.44,4.46,4.37,4.39,32990269,145304682.0,0.0,,,-0.01126126126126142,4.419999999999997,4.417999999999998,4.397999999999998,4.443333333333332,4.414548550107989,4.443219185439889,-0.028670635331899952,-0.03342513671789567,0.009509002771991432,53.89793545969089,59.51545456257375,42.662897253925166
601299,2014-06-24,4.39,4.39,4.43,4.36,4.4,18574223,81553882.0,0.0,,,0.002277904328018377,4.405999999999997,4.421999999999999,4.394999999999999,4.433333333333332,4.410391821505707,4.440429548560588,-0.03003772705488128,-0.03245730538560584,0.004839156661449115,48.630369671539974,55.88709293222916,34.11692315016161
601299,2014-06-25,4.4,4.39,4.4,4.33,4.36,19685225,85788832.0,0.0,,,-0.009090909090909096,4.3939999999999975,4.422999999999999,4.391999999999999,4.421999999999999,4.395994158218362,4.435238278253323,-0.039244120034960694,-0.03439639528542151,-0.00969544949907837,37.42024644769335,49.73147743738389,12.797784468312273
601299,2014-06-26,4.36,4.36,4.39,4.36,4.38,19981032,87468500.0,0.0,,,0.0045871559633026545,4.3939999999999975,4.422999999999999,4.3889999999999985,4.4126666666666665,4.391424398727401,4.431673061788907,-0.04024866306150621,-0.036068471792874285,-0.008360382537263844,33.280164298462196,44.247706391076655,11.34508011323328
601299,2014-06-27,4.38,4.38,4.44,4.36,4.42,35547324,156678114.0,0.0,,,0.009132420091324207,4.389999999999997,4.416999999999999,4.389499999999999,4.408666666666665,4.399588856233858,4.430919673087681,-0.03133081685382333,-0.03471485609600258,0.0067680784843585085,37.97624988318534,42.15722088844621,29.614307872663588
601299,2014-06-30,4.42,4.43,4.61,4.41,4.54,67200294,303990512.0,0.0,,,0.02714932126696835,4.419999999999996,4.419999999999999,4.397999999999999,4.408333333333331,4.439706325881327,4.437959630574234,0.001746695307093482,-0.024297269980832276,0.05208793057585152,50.31749992212354,44.87731389967198,61.19787196702664
601299,2014-07-01,4.54,4.56,4.57,4.5,4.55,40199005,182562095.0,0.0,,,0.0022026431718061203,4.4499999999999975,4.427999999999999,4.408999999999999,4.4129999999999985,4.471218804200948,4.4451904599966445,0.026028344204303444,-0.009918523070793498,0.07189373455019388,59.73547613855849,49.83003464596749,79.5463591237405
601299,2014-07-02,4.55,4.55,4.6,4.52,4.59,56750124,259103258.0,0.0,,,0.0087912087912088,4.495999999999997,4.4449999999999985,4.420999999999999,4.418333333333332,4.5051562887149625,4.4545359350777645,0.05062035363719808,0.007378298845775526,0.08648410958284511,70.77603171141989,56.81203366778495,98.70402779868978
601299,2014-07-03,4.59,4.57,4.62,4.55,4.58,33149929,152109457.0,0.0,,,-0.0021786492374727207,4.535999999999998,4.464999999999998,4.430999999999999,4.421666666666666,4.526540206224973,4.462632760854884,0.06390744537008874,0.023529483567007875,0.08075592360616174,75.91965332485464,63.18124022014151,101.39647953428089
601299,2014-07-04,4.58,4.6,4.69,4.6,4.66,50287969,233486009.0,0.0,,,0.01746724890829696,4.583999999999998,4.486999999999999,4.446999999999999,4.429333333333332,4.56467157587498,4.475369618730611,0.08930195714436895,0.04232161887482533,0.09396067653908724,81.16865777212529,69.17704607080277,105.1518811747703
601299,2014-07-07,4.66,4.73,4.86,4.73,4.83,105024205,505382789.0,0.0,,,0.03648068669527895,4.641999999999999,4.530999999999999,4.474499999999999,4.442333333333333,4.640479697053557,4.498254860321106,0.142224836732451,0.07086539540557553,0.14271888265375096,85.55897939525333,74.63769051228628,107.40155716118741
601299,2014-07-08,4.83,4.86,4.87,4.76,4.82,60044733,289046125.0,0.0,,,-0.0020703933747411567,4.695999999999997,4.572999999999999,4.497499999999999,4.4543333333333335,4.691771212181112,4.5190175866038045,0.17275362557730745,0.09997631831178466,0.14555461453104557,87.10467907395974,78.79335336617744,103.72733048952435
601299,2014-07-09,4.82,4.81,4.86,4.77,4.82,81047281,391118167.0,0.0,,,0.0,4.741999999999997,4.618999999999999,4.520999999999999,4.467666666666665,4.728408008700795,4.538440160749483,0.18996784795131205,0.1256881839230782,0.1285593280564677,88.13514552643069,81.90728408626187,100.59086840676835
601299,2014-07-10,4.62,4.65,4.65,4.54,4.58,57661266,264287349.0,0.0,,,-0.008658008658008665,4.741999999999997,4.6389999999999985,4.5310000000000015,4.472333333333333,4.686005720500567,4.541122003099249,0.144883717401318,0.13117262205971816,0.027422190683199676,71.07560426399726,78.296724145507,56.63336450097779
601299,2014-07-11,4.58,4.58,4.68,4.58,4.65,70270147,326454222.0,0.0,,,0.015283842794759887,4.739999999999997,4.661999999999998,4.539499999999999,4.480333333333333,4.67571837178612,4.5481477682859,0.12757060350021998,0.13014347389986153,-0.005145740799283094,60.89724968951172,72.4968993268419,37.69795041485136
601299,2014-07-14,4.65,4.7,4.77,4.64,4.77,93759618,441917666.0,0.0,,,0.025806451612903056,4.727999999999997,4.684999999999999,4.552499999999998,4.493666666666667,4.702655979847229,4.562463442704765,0.1401925371424646,0.13301463482631953,0.014355804632290137,64.40769026919826,69.80049630762734,53.62207819234007
601299,2014-07-15,4.77,4.76,4.83,4.7,4.73,62439111,297819317.0,0.0,,,-0.008385744234800659,4.709999999999997,4.7029999999999985,4.565499999999999,4.507,4.710468557033736,4.573274108827252,0.1371944482064844,0.13420886722065234,0.005971161971664141,62.13037937138473,67.24379066221313,51.90355678972793
601299,2014-07-16,4.73,4.72,4.76,4.57,4.6,82245069,381798219.0,0.0,,,-0.02748414376321369,4.665999999999997,4.703999999999999,4.574499999999999,4.5153333333333325,4.678906112166954,4.5749986368364155,0.1039074753305389,0.1255513266806199,-0.04328770270016202,47.48085897486251,60.65614676642959,21.130283391728327
601299,2014-07-17,4.6,4.62,4.68,4.59,4.64,43214966,199953995.0,0.0,,,0.008695652173913052,4.677999999999997,4.709999999999999,4.5875,4.523999999999999,4.667790080119254,4.5791929033256675,0.08859717679358603,0.11499299814146736,-0.05279164269576267,41.75491608425173,54.35573653903697,16.55327517468126
601299,2014-07-18,4.64,4.62,4.68,4.6,4.65,44620410,207198157.0,0.0,,,0.0021551724137932487,4.677999999999997,4.708999999999999,4.598,4.5343333333333335,4.6627072000851815,4.58376174525828,0.07894545482690152,0.10469370005159141,-0.05149649044937979,38.94772183394563,49.219731637339855,18.403702227157183
601299,2014-07-21,4.65,4.63,4.7,4.61,4.69,38960728,181176058.0,0.0,,,0.008602150537634416,4.661999999999997,4.6949999999999985,4.613,4.547999999999999,4.670505142917986,4.590616727512904,0.07988841540508229,0.09760647586687453,-0.035436120923584474,41.59014788929711,46.676537054658944,31.41736955857344
601299,2014-07-22,4.69,4.68,4.73,4.66,4.72,56140334,263940440.0,0.0,,,0.006396588486140589,4.6599999999999975,4.684999999999999,4.629,4.559999999999999,4.684646530655705,4.598965062250865,0.08568146840484037,0.09419933087772192,-0.01703572494576311,48.41642043194516,47.25649818042101,50.73626493499346
601299,2014-07-23,4.72,4.71,4.84,4.68,4.8,126018141,599255318.0,0.0,,,0.0169491525423729,4.6999999999999975,4.682999999999998,4.650999999999999,4.574999999999998,4.717604664754075,4.611936550778768,0.10566811397530618,0.09747612604846027,0.016383975853691807,60.67267534969182,51.728557236844615,78.56091157538624
601299,2014-07-24,4.8,4.77,4.88,4.75,4.81,110597010,533102180.0,0.0,,,0.002083333333333289,4.733999999999996,4.705999999999999,4.672499999999999,4.589333333333332,4.744003331967196,4.624716213428085,0.11928711853911089,0.10370783818864616,0.031158560700929455,66.25490184603107,56.57067210657343,85.62336132494634
601299,2014-07-25,4.81,4.82,4.92,4.79,4.91,109157403,528799309.0,0.0,,,0.020790020790020902,4.785999999999997,4.731999999999998,4.696999999999999,4.603666666666666,4.7914309514051405,4.643123472541095,0.14830747886404527,0.11645059266733163,0.06371377239342729,76.55088694497312,63.23074371937332,103.1911733961727
601299,2014-07-28,4.91,4.93,5.02,4.9,5.01,121544863,603354062.0,0.0,,,0.020366598778003998,4.849999999999996,4.7559999999999985,4.7205,4.620333333333333,4.853879251003672,4.666795155774289,0.18708409522938307,0.13663159339934633,0.10090500366007349,83.62651722257469,70.02933488710711,110.82088189350983
601299,2014-07-29,5.01,5.03,5.03,4.95,5.0,92013812,459643644.0,0.0,,,-0.0019960079840318935,4.905999999999997,4.782999999999999,4.742999999999999,4.638,4.895628036431194,4.688294137024005,0.20733389940718894,0.15683225225872993,0.10100329429691801,86.81161754232251,75.62342910551224,109.18799441594305
601299,2014-07-30,5.0,4.98,4.99,4.86,4.87,81190024,399196177.0,0.0,,,-0.025999999999999968,4.919999999999996,4.809999999999998,4.757,4.6530000000000005,4.888305740307996,4.700018062403563,0.1882876779044329,0.16581951672893078,0.044936322351004254,78.80464425302121,76.6838341546819,83.04626444969983
601299,2014-07-31,4.87,4.9,4.97,4.86,4.95,54786282,269185578.0,0.0,,,0.016427104722792622,4.947999999999997,4.840999999999998,4.775499999999999,4.672,4.905932671648569,4.7161471731883715,0.1897854984601972,0.17266694008072117,0.03423711675895208,79.52055648614112,77.62940826516831,83.30285292808674
601299,2014-08-01,4.95,4.94,4.97,4.88,4.89,48780502,240550669.0,0.0,,,-0.012121212121212222,4.943999999999997,4.864999999999998,4.787,4.686999999999999,4.901380479748977,4.727364293827246,0.1740161859217313,0.17305243889243838,0.0019274940585858324,73.73442504481476,76.33108052505047,68.54111408434332
601299,2014-08-04,4.89,4.93,5.08,4.93,5.07,107970328,542341522.0,0.0,,,0.036809815950920366,4.955999999999999,4.902999999999999,4.799,4.709666666666666,4.949557485534984,4.749471315220622,0.20008617031436238,0.18077636215584522,0.03861961631703431,81.65628336320985,78.10614813777026,88.75655381408902
601299,2014-08-05,5.07,5.07,5.08,5.01,5.05,52548547,265051554.0,0.0,,,-0.003944773175542498,4.9659999999999975,4.935999999999998,4.8105,4.731333333333334,4.978255346810703,4.768861486807044,0.2093938600036589,0.1889527901123634,0.040882139782590976,84.74055254517019,80.31761627357024,93.58642508837008
601299,2014-08-06,5.05,5.03,5.06,4.98,5.03,54510999,273213571.0,0.0,,,-0.003960396039603875,4.9979999999999976,4.958999999999999,4.8210000000000015,4.753666666666667,4.993039533436216,4.785710127916163,0.20732940552005275,0.1942032516574175,0.026252307725270485,84.07990859333187,81.57171371349078,89.09629835301402
601299,2014-08-07,5.03,5.03,5.04,4.93,4.95,64635183,321292908.0,0.0,,,-0.015904572564612342,4.9979999999999976,4.972999999999999,4.839500000000001,4.772666666666666,4.980742523883011,4.796310060154427,0.18443246372858368,0.191411597963465,-0.013958268469762614,69.68963603191821,77.61102115296659,53.846865789821464
601299,2014-08-08,4.95,4.95,4.97,4.87,4.94,57719658,283996808.0,0.0,,,-0.0020202020202019773,5.007999999999997,4.975999999999999,4.854000000000001,4.79,4.969101802773579,4.805580858024686,0.16352094474889345,0.18344283990215884,-0.03984379030653079,58.58096947582428,71.26767059391915,33.20756723963456
601299,2014-08-11,4.94,4.92,5.05,4.91,5.02,51868607,259735040.0,0.0,,,0.0161943319838055,4.9979999999999976,4.9769999999999985,4.8665,4.806,4.98364414483827,4.819415019956836,0.16422912488143382,0.17795320703909456,-0.027448164315321488,63.29640389297368,68.61058169360399,52.66804829171306
601299,2014-08-12,5.02,5.01,5.02,4.97,4.99,31432106,156787226.0,0.0,,,-0.005976095617529754,4.985999999999998,4.975999999999999,4.8795,4.820666666666667,4.985460103455908,4.830421000362564,0.155039103093344,0.17140632019745153,-0.032734434208215035,61.89457229228549,66.3719118931645,52.93989309052748
601299,2014-08-13,4.99,4.98,5.0,4.9,4.95,49351108,244001414.0,0.0,,,-0.008016032064128263,4.969999999999997,4.984,4.897,4.832666666666666,4.975328645325648,4.8381361009878585,0.1371925443377897,0.16163095566611957,-0.04887682265665971,53.9614608932697,62.235094893199566,37.414192893409975
601299,2014-08-14,4.95,4.92,5.02,4.92,4.95,66155261,329647190.0,0.0,,,0.0,4.969999999999997,4.984,4.9125000000000005,4.844999999999999,4.968091889518321,4.845353412419673,0.12273847709864771,0.1505188189325562,-0.05556068366781697,48.67271996059251,57.71430324899722,30.589553383783098
601299,2014-08-15,4.95,4.95,5.15,4.93,5.09,91290842,462785060.0,0.0,,,0.02828282828282822,4.999999999999997,5.004,4.934500000000001,4.859333333333333,5.002922778227372,4.8611376477226305,0.14178513050474173,0.1480234793817521,-0.012476697754020716,58.63895616420448,58.022520887399644,59.87182671781416
601299,2014-08-18,5.09,5.13,5.27,5.13,5.16,111396049,579067855.0,0.0,,,0.013752455795677855,5.027999999999997,5.012999999999999,4.958,4.870333333333332,5.047801984448123,4.880419757757239,0.16738222669088376,0.15355455004150398,0.027655353298759566,63.25930410946969,59.76811529475632,70.24168173889642
601299,2014-08-19,5.16,5.16,5.18,5.13,5.14,44318432,228085033.0,0.0,,,-0.003875968992248151,5.057999999999997,5.021999999999999,4.979000000000001,4.8809999999999985,5.074144274605802,4.897167412886637,0.17697686171916427,0.16024663909226405,0.03346044525380043,64.67286940631313,61.40303333194192,71.21254155505555
601299,2014-08-20,5.14,5.14,5.17,5.11,5.11,48746136,250474556.0,0.0,,,-0.005836575875486257,5.089999999999997,5.029999999999999,4.9945,4.890666666666665,5.084388767575573,4.910898963816697,0.17348980375887546,0.1640304004255816,0.01891880666658774,63.11524627087547,61.9737709782531,65.3981968561202
601299,2014-08-21,5.11,5.1,5.15,5.0,5.06,53763213,271899631.0,0.0,,,-0.009784735812133207,5.1119999999999965,5.040999999999999,5.0070000000000014,4.906666666666665,5.077420548268266,4.920518658316404,0.15690188995186283,0.16199368314737622,-0.010183586391026789,56.49124526166469,60.14626240605696,49.18121097288014
601299,2014-08-22,5.06,5.08,5.1,5.02,5.05,71447800,360820797.0,0.0,,,-0.0019762845849801954,5.103999999999997,5.051999999999999,5.014000000000001,4.919999999999999,5.069586105905904,4.928872514890931,0.14071359101497283,0.1559136568238324,-0.03040013161771915,51.17434368795662,57.15562283335685,39.21178539715616
601299,2014-08-25,5.05,5.12,5.16,5.05,5.06,58870651,300315942.0,0.0,,,0.0019801980198019373,5.083999999999997,5.055999999999999,5.0165000000000015,4.929666666666665,5.066847218504217,4.937332562604058,0.12951465590015854,0.14837108513135414,-0.0377128584623912,48.530643539718795,54.2806297354775,37.03067114820139
601299,2014-08-26,5.06,5.06,5.08,4.89,4.9,86648666,430241950.0,0.0,,,-0.03162055335968365,5.035999999999997,5.046999999999999,5.011500000000002,4.9353333333333325,5.019176584645869,4.934923954257002,0.08425263038886754,0.1300515266335008,-0.09159779248926653,33.23095534226873,47.26407160440791,5.164722817990366
601299,2014-08-27,4.9,4.9,4.94,4.89,4.91,49386945,242683381.0,0.0,,,0.0020408163265305686,4.995999999999997,5.0429999999999975,5.0135000000000005,4.945666666666666,4.98798327474705,4.933315922282904,0.05466735246414611,0.10851319115654233,-0.10769167738479243,23.908356193091475,39.4788331339691,-7.232597688663773
601299,2014-08-28,4.91,4.91,4.96,4.91,4.91,37297013,183797259.0,0.0,,,0.0,4.9659999999999975,5.038999999999997,5.0115,4.954666666666666,4.965702339105036,4.9318116386683375,0.033890700436698395,0.0871924795223012,-0.10660355817120562,17.69329009363997,32.21698545385939,-11.354100626798868
601299,2014-08-29,4.91,4.91,5.01,4.91,5.0,41219592,204446082.0,0.0,,,0.01832993890020364,4.955999999999999,5.029999999999997,5.017,4.966333333333333,4.975501670789312,4.936210971405394,0.03929069938391727,0.07350625662562008,-0.06843111448340561,24.43920489001289,29.624391932577222,14.068830804884222
601299,2014-09-01,5.0,5.0,5.13,5.0,5.09,64509386,328516562.0,0.0,,,0.017999999999999967,4.961999999999998,5.022999999999998,5.018000000000002,4.979666666666667,5.008215479135222,4.946133020640967,0.0620824584942552,0.07024231430237296,-0.01631971161623552,40.1023270695324,33.117036978228946,54.0729072521393
601299,2014-09-02,5.09,5.12,5.13,5.06,5.11,74765692,380904830.0,0.0,,,0.003929273084479462,5.003999999999998,5.019999999999998,5.021000000000001,4.992666666666667,5.0372967708108725,4.956705259681402,0.08059151112947038,0.07319922768154365,0.014784566895853474,53.89537854018213,40.04315083221334,81.59983395611971
601299,2014-09-03,5.11,5.13,5.15,5.09,5.12,98173090,502992248.0,0.0,,,0.0019569471624265727,5.045999999999999,5.020999999999997,5.025500000000001,5.003333333333333,5.060926264864909,4.9672405681538585,0.09368569671105043,0.07905250454711701,0.029266384327866823,64.32531408851649,48.13720525098106,96.70153176358734
601299,2014-09-05,5.12,5.29,5.38,5.18,5.25,145015006,762652032.0,0.0,,,0.025390624999999983,5.113999999999998,5.039999999999997,5.0405000000000015,5.018,5.114947332046364,4.9854833776989445,0.1294639543474192,0.09345577591863193,0.07201635685757454,67.37333864404502,54.54924971533571,93.02151650146364
601299,2014-09-09,5.25,5.25,5.28,5.18,5.26,67128970,351662566.0,0.0,,,0.001904761904761864,5.165999999999999,5.060999999999997,5.0565000000000015,5.0296666666666665,5.156390951461689,5.003194368705183,0.1531965827565056,0.11052457787231011,0.08534400976839099,70.0856271232409,59.728042184637445,90.8007970004478
601299,2014-09-10,5.26,5.27,5.33,5.22,5.29,72335375,382406601.0,0.0,,,0.005703422053231987,5.205999999999999,5.083999999999997,5.070000000000002,5.039,5.194564965329778,5.02169819354123,0.1728667717885477,0.1283366332769494,0.08906027702319658,73.93463576923544,64.46357337950344,92.87676054869942
601299,2014-09-11,5.29,5.34,5.36,5.23,5.26,85105501,450972997.0,0.0,,,-0.005671077504725945,5.235999999999999,5.1199999999999966,5.083500000000003,5.047666666666666,5.21326068952127,5.037072686855186,0.17618800266608403,0.14200845310241644,0.06835909912733518,74.11245221495128,67.67986632465272,86.97762399554838
601299,2014-09-12,5.26,5.23,5.3,5.23,5.29,47335946,249155444.0,0.0,,,0.005703422053231987,5.269999999999998,5.157999999999997,5.100500000000002,5.0616666666666665,5.235186206800908,5.053390759944321,0.18179544685658655,0.15337616560360792,0.05683856250595726,76.35865608656327,70.57279624528957,87.9303757691107
601299,2014-09-15,5.29,5.28,5.29,5.22,5.25,47658355,250264339.0,0.0,,,-0.00756143667296787,5.269999999999998,5.1919999999999975,5.115500000000003,5.071666666666666,5.239418719143505,5.066075359332872,0.17334335981063376,0.15908107823418674,0.028524563152894034,72.83559528577904,71.32706259211939,75.85266067309831
601299,2014-09-16,5.25,5.25,5.35,5.19,5.2,118288591,622848261.0,0.0,,,-0.00952380952380949,5.257999999999998,5.211999999999998,5.121000000000002,5.081999999999999,5.228156227959647,5.074715743028045,0.15344048493160223,0.15746948014773401,-0.008057990432263573,63.14039685718607,68.59817401380828,52.22484254394166
601299,2014-09-17,5.2,5.2,5.26,5.17,5.21,68472726,357550614.0,0.0,,,0.001923076923076882,5.241999999999999,5.223999999999998,5.123500000000002,5.086666666666667,5.222968734256891,5.083443839266171,0.13952489499071952,0.15234245581715844,-0.025635121652877846,55.88670135306658,64.3610164602277,38.938071138744334
601299,2014-09-18,5.21,5.2,5.23,5.17,5.2,45892071,238732624.0,0.0,,,-0.001919385796545065,5.229999999999999,5.232999999999999,5.126500000000002,5.091666666666666,5.216406238754922,5.090963655775338,0.12544258297958333,0.14465677786356554,-0.03842838976796442,42.01970566394919,56.9139128614682,12.231291268911164
601299,2014-09-19,5.2,5.22,5.24,5.17,5.21,39389252,204989890.0,0.0,,,0.001923076923076882,5.213999999999999,5.241999999999999,5.131500000000002,5.097666666666666,5.214575884824944,5.098643481258454,0.11593240356649037,0.13644981377868692,-0.041034820424393104,35.03068096894857,49.61950223062832,5.853038445589078
601299,2014-09-22,5.21,5.2,5.21,5.03,5.07,64878576,331562536.0,0.0,,,-0.02687140115163141,5.177999999999999,5.223999999999998,5.1320000000000014,5.101666666666667,5.173268489160674,5.096795500917891,0.07647298824278259,0.11931357791128569,-0.0856811793370062,27.394191353036422,42.21106527143102,-2.2395564837527644
601299,2014-09-23,5.07,5.07,5.12,5.06,5.12,34255738,174693391.0,0.0,,,0.00986193293885598,5.161999999999999,5.209999999999999,5.135500000000002,5.107666666666666,5.158048920829053,5.098292575838992,0.05975634499006066,0.10229722564807854,-0.08508176131603576,27.353703326266693,37.25861128970958,7.543887399380921
601299,2014-09-24,5.12,5.1,5.24,5.09,5.23,79643470,412687036.0,0.0,,,0.021484375000000062,5.165999999999999,5.203999999999999,5.144000000000003,5.1146666666666665,5.178606372020753,5.106789884572921,0.07181648744783242,0.09358844330515108,-0.04354391171463731,39.06913555084452,37.862119376754556,41.48316789902445
601299,2014-09-25,5.23,5.26,5.33,5.23,5.24,81492672,430370708.0,0.0,,,0.0019120458891012976,5.173999999999999,5.201999999999999,5.161000000000001,5.122999999999998,5.196147408586253,5.115384138138811,0.08076327044744147,0.08992410820294833,-0.018321675511013713,47.921090367229716,41.21510970691295,61.33305168786326
601299,2014-09-26,5.24,5.24,5.29,5.2,5.26,41790984,219506351.0,0.0,,,0.003816793893129689,5.183999999999998,5.198999999999999,5.178500000000001,5.133333333333332,5.214391006133038,5.124714247132493,0.08967675900054495,0.08985343700226166,-0.00035335600343341933,55.905726911486475,46.11198210843745,75.49321651758451
601299,2014-09-29,5.26,5.26,5.31,5.24,5.28,55001176,290069900.0,0.0,,,0.0038022813688213812,5.225999999999999,5.201999999999999,5.197000000000003,5.144333333333333,5.23313643295217,5.134732736431585,0.09840369652058545,0.0922963682932113,0.012214656454748285,65.04826238543545,52.42407553410345,90.29663608809943
601299,2014-09-30,5.28,5.28,5.31,5.26,5.27,49870093,263133941.0,0.0,,,-0.001893939393939521,5.2559999999999985,5.208999999999999,5.2105000000000015,5.150333333333333,5.243668880680121,5.143459700364359,0.10020918031576187,0.09455717172822575,0.011304017175072234,70.03217492362357,58.29344199727683,93.50964077631704
601299,2014-10-08,5.27,5.3,5.36,5.29,5.35,77434772,413202470.0,0.0,,,0.015180265654648969,5.279999999999999,5.222999999999999,5.223500000000001,5.156666666666666,5.2740492004858,5.156784943410516,0.1172642570752842,0.10104491039881387,0.03243869335294067,79.0113489389813,65.19941097784499,106.6352248612539
601299,2014-10-09,5.35,5.35,5.38,5.31,5.35,63057151,337148005.0,0.0,,,0.0,5.301999999999998,5.237999999999999,5.235500000000002,5.163666666666667,5.295749428918429,5.169250485561943,0.12649894335648515,0.1083174912438628,0.036362904225244685,83.15042310217798,71.18308168595598,107.08510593462199
601299,2014-10-10,5.35,5.33,5.34,5.28,5.31,56615770,300390371.0,0.0,,,-0.007476635514018699,5.311999999999999,5.247999999999998,5.245000000000002,5.170333333333333,5.299821020656021,5.178331136624643,0.1214898840313774,0.11208103204029554,0.018817703982163703,81.47528206811863,74.61381514667687,95.19821591100214
601299,2014-10-13,5.31,5.31,5.34,5.25,5.32,63296175,335793345.0,0.0,,,0.0018832391713748922,5.319999999999999,5.272999999999999,5.248500000000002,5.178999999999999,5.30558644332573,5.187471098347671,0.11811534497805898,0.1138051214510851,0.008620447053947766,80.75363632127454,76.6604222048761,88.94006455407143
601299,2014-10-14,5.32,5.34,5.47,5.34,5.42,116382766,631476998.0,0.0,,,0.01879699248120294,5.349999999999998,5.302999999999999,5.256500000000001,5.191333333333332,5.33827603094695,5.202473016793905,0.13580301415304508,0.12009023365164509,0.03142556100279997,80.99625137467687,78.10569859480968,86.77735693441124
601299,2014-10-15,5.42,5.44,5.48,5.39,5.43,67837038,368427004.0,0.0,,,0.0018450184501844625,5.365999999999998,5.322999999999999,5.263500000000001,5.203666666666665,5.364482879247821,5.21715222626866,0.1473306529791607,0.12787321060236384,0.038914884753593726,81.37845329740355,79.19661682900764,85.74212623419538
601299,2014-10-16,5.43,5.41,5.97,5.4,5.97,225508002,1308032395.0,0.0,,,0.0994475138121547,5.4899999999999975,5.395999999999999,5.299000000000001,5.239333333333332,5.537487770891301,5.265723202882033,0.2717645680092673,0.16898502700433626,0.20555908200986206,87.58563553160236,81.99295639653921,98.77099380172868
601299,2014-10-17,5.97,6.05,6.34,5.87,6.14,472093026,2873682455.0,0.0,,,0.02847571189279732,5.655999999999998,5.483999999999999,5.341500000000001,5.280333333333331,5.709634122065214,5.322128323208137,0.38750579885707737,0.2314195332479766,0.31217253121820154,85.6075490699979,83.19782062102544,90.42700596794282
601299,2014-10-20,6.14,6.12,6.16,6.01,6.09,189100764,1148288946.0,0.0,,,-0.008143322475570003,5.809999999999998,5.565,5.3835000000000015,5.319666666666665,5.818310087189439,5.371668567510321,0.446641519679118,0.29291152937115994,0.3074599806159162,82.75977277449401,83.05180467218163,82.17570897911875
601299,2014-10-21,6.09,6.21,6.28,6.06,6.1,201804975,1244012612.0,0.0,,,0.0016420361247947105,5.945999999999998,5.647999999999999,5.4285000000000005,5.356333333333331,5.898792919421028,5.418657812969892,0.48013510645113566,0.3464039799654387,0.2674622529713939,81.1670656417116,82.42355832869163,78.65408026775157
601299,2014-10-22,6.1,6.04,6.2,5.92,6.07,182529343,1106441162.0,0.0,,,-0.0049180327868851405,6.073999999999997,5.719999999999999,5.4715000000000025,5.388999999999998,5.947709228157877,5.460679990599041,0.4870292375588363,0.38658262499212376,0.2008932251334251,79.1878296938628,81.34498211708201,74.87352484742436
601299,2014-10-23,6.07,6.05,6.67,5.97,6.39,354562718,2247949295.0,0.0,,,0.05271828665568359,6.157999999999999,5.823999999999999,5.5310000000000015,5.431666666666663,6.074078020112769,5.5206362551073465,0.5534417650054229,0.4342566649959235,0.23837020001899867,79.55244984285689,80.74747135900697,77.16240681055672
601299,2014-10-24,6.39,6.51,6.85,6.39,6.45,351629273,2319976240.0,0.0,,,0.009389671361502427,6.219999999999999,5.937999999999998,5.593000000000003,5.475999999999996,6.18148430008055,5.580595332564937,0.6008889675156128,0.48186589428726334,0.23804614645669897,77.53827782018276,79.6777401793989,73.25935310175046
601299,2014-12-31,6.45,7.1,7.1,7.1,7.1,2149348,15260371.0,0.0,,,0.10077519379844953,6.4220000000000015,6.115999999999998,5.6945000000000014,5.537666666666663,6.443917357200393,5.678621633113488,0.7652957240869043,0.5628458456585893,0.40489975685662993,85.0255185467885,81.46033296852876,92.15588970330799
601299,2015-01-05,7.1,7.81,7.81,7.81,7.81,1601764,12509777.0,0.0,,,0.1,6.7639999999999985,6.354999999999998,5.8290000000000015,5.622666666666663,6.834226683714565,5.816130168079679,1.0180965156348858,0.692917465651817,0.6503580999661376,90.01701236452567,84.31255943386107,101.42591822585487
601299,2015-01-06,7.81,8.59,8.59,8.59,8.59,5017619,43101347.0,0.0,,,0.09987195902688864,7.267999999999999,6.670999999999998,5.997000000000001,5.732666666666662,7.335876202653261,5.995089820378878,1.3407863822743833,0.8780228704011216,0.9255270237465234,93.34467490968377,87.32326459246865,105.38749554411405
601299,2015-01-07,8.59,9.45,9.45,9.45,9.45,4944952,46729796.0,0.0,,,0.10011641443538992,7.879999999999997,7.0189999999999975,6.207500000000001,5.87233333333333,7.939911573323758,6.217987610547194,1.7219239627765637,1.1191374682226765,1.2055729891077744,95.56311660645584,90.06988193046438,106.54958595843877
601299,2015-01-08,9.45,10.4,10.4,10.4,10.4,13724901,142738970.0,0.0,,,0.10052910052910063,8.669999999999998,7.4449999999999985,6.464500000000001,6.042666666666664,8.642793980945543,6.48779526825195,2.154998712693593,1.4150978237857954,1.4798017778155952,97.04207773763721,92.39394719952197,106.3383388138677
601299,2015-01-09,10.4,11.44,11.44,11.29,11.44,433453523,4954183434.0,0.0,,,0.09999999999999992,9.537999999999997,7.979999999999999,6.772500000000001,6.248999999999998,9.441995700675387,6.80729279832967,2.6347029023457162,1.7635564176600587,1.7422929693713152,98.02805182509148,94.2719820747118,105.54019132585083
601299,2015-01-12,11.44,11.49,11.84,10.8,10.83,690689927,7808429089.0,0.0,,,-0.05332167832167827,10.141999999999996,8.453,7.050500000000001,6.436666666666665,9.838568357625277,7.066822637629971,2.771745719995306,2.051610504041558,1.4402704319074964,92.94999025704567,93.83131813548975,91.1873345001575
601299,2015-01-13,10.83,10.71,11.19,10.5,10.96,333582669,3601301420.0,0.0,,,0.01200369344413673,10.615999999999996,8.941999999999998,7.331000000000001,6.628333333333331,10.15897739830377,7.3179956806984965,2.840981717605274,2.277145136488334,1.1276731622338803,89.91773050775522,92.52678892624492,84.69961367077585
601299,2015-01-14,10.96,11.17,11.27,10.83,10.88,199093751,2195305125.72,0.0,,,-0.0072992700729927066,10.901999999999996,9.390999999999998,7.607500000000003,6.817666666666665,10.364983855931264,7.5478026763177555,2.8171811796135087,2.4314411488098124,0.7714800616073925,86.52743215284949,90.5270033351131,78.52828978832227
601299,2015-01-15,10.88,10.73,11.97,10.63,11.97,427840416,4929293665.0,0.0,,,0.10018382352941174,11.215999999999998,9.942999999999998,7.940500000000003,7.0429999999999975,10.82355989709376,7.833106037625116,2.9904538594686443,2.591159066140907,0.7985895866554742,91.01828810189966,90.69076492404194,91.67333445761508
601299,2015-01-16,11.97,12.05,13.17,11.91,13.17,567808284,7282767765.0,0.0,,,0.10025062656641598,11.561999999999998,10.55,8.333000000000002,7.312999999999998,11.493971355066973,8.177422125047455,3.3165492300195183,2.798413398677653,1.0362716626837303,94.0121920679331,91.797907305339,98.44076159312132
601299,2015-01-19,13.17,12.2,13.1,11.85,12.39,533816694,6618020556.0,0.0,,,-0.059225512528473766,11.874,11.008,8.681500000000002,7.555333333333333,11.749979539333552,8.449201599688573,3.300777939644979,2.9419461246683176,0.7176636299533223,89.01888073346078,90.87156511471294,85.31351197095645
601299,2015-01-20,12.39,12.65,13.63,12.65,13.63,528038831,7040018392.98,0.0,,,0.1000807102502018,12.407999999999998,11.511999999999995,9.0915,7.83533333333333,12.287128242381108,8.783446953338128,3.50368128904298,3.1024418859182212,0.8024788062495176,92.67925382230719,91.47412801724435,95.08950543243284
601299,2015-01-21,13.63,14.25,14.99,13.81,14.09,635752048,9198379483.0,0.0,,,0.03374908290535576,13.049999999999995,11.975999999999996,9.4975,8.130333333333331,12.802234458843648,9.125805497620766,3.676428961222882,3.266438193148124,0.8199815361495162,88.4379880715901,90.46208136869295,84.3898014773844
601299,2015-01-22,14.09,14.0,14.64,13.65,14.26,365621264,5137507769.0,0.0,,,0.012065294535131294,13.508,12.361999999999998,9.9035,8.43033333333333,13.218738899174033,9.457044108943961,3.761694790230072,3.407940078028681,0.7075094244027822,86.8725414166948,89.26556805136023,82.08648814736395
601299,2015-01-23,14.26,14.23,14.36,13.83,13.88,229318823,3217578485.0,0.0,,,-0.02664796633941087,13.649999999999995,12.605999999999998,10.293,8.716999999999997,13.407670642267167,9.742396308490282,3.6652743337768854,3.4814641510995967,0.3676203653545773,83.00782642330508,87.17965417534185,74.66417091923154
601299,2015-01-26,13.88,14.07,14.9,14.07,14.28,291098636,4213478414.38,0.0,,,0.02881844380403448,14.027999999999995,12.950999999999995,10.702000000000002,9.017333333333333,13.656907601619405,10.035145132005697,3.6217624696137083,3.5215493849607715,0.20042616930587354,83.24374972562845,85.86768602543738,77.99587712601058
601299,2015-01-27,14.28,14.65,14.78,14.09,14.49,263888543,3786982802.0,0.0,,,0.014705882352941237,14.199999999999998,13.303999999999995,11.123,9.321999999999996,13.894934001156718,10.322555305572958,3.57237869558376,3.536072045138768,0.07261330088998363,85.00653651433333,85.58063618840269,83.85833716619462
601299,2015-01-28,14.49,14.45,14.45,13.9,13.98,175129939,2478909243.0,0.0,,,-0.0351966873706004,14.177999999999995,13.613999999999995,11.5025,9.609666666666664,13.919238572254798,10.558519619253492,3.3607189530013066,3.485971161670922,-0.250504417339231,79.28248931104176,83.48125389594905,70.88496014122717
601299,2015-01-29,13.98,13.96,14.43,13.84,13.99,195072913,2768417341.0,0.0,,,0.0007153075822603568,14.123999999999995,13.815999999999995,11.879500000000005,9.898999999999996,13.939456123039141,10.779905573010986,3.1595505500281558,3.3927081297729886,-0.46631515948966573,75.57261495470725,80.84504091553511,65.02776303305151
601299,2015-01-30,13.99,13.97,13.97,12.72,12.89,304039948,4014035155.0,0.0,,,-0.07862759113652606,13.925999999999995,13.787999999999995,12.169000000000004,10.15133333333333,13.63961151645653,10.916040767939963,2.7235707485165666,3.201526020842582,-0.9559105446520313,53.80054672194159,71.83020951767061,17.741221130483552
601299,2015-02-02,12.89,12.2,12.47,11.6,11.6,286635196,3435129782.0,0.0,,,-0.10007757951900703,13.389999999999995,13.708999999999998,12.358500000000005,10.357333333333333,13.05686536889752,10.960167191418172,2.0966981774793485,2.885860922738801,-1.578325490518905,35.867031147961065,59.84248339443409,-12.08387334498498
601299,2015-02-03,11.6,11.6,12.15,11.6,12.01,217909758,2594326899.0,0.0,,,0.03534482758620691,12.893999999999995,13.546999999999995,12.529500000000002,10.576666666666664,12.757760977783944,11.027898371101438,1.7298626066825058,2.555575689579859,-1.6514261657947067,28.05276824005485,49.24591167630768,-14.333518632450804
601299,2015-02-04,12.01,12.03,12.67,11.98,12.33,246794167,3031925870.0,0.0,,,0.026644462947543742,12.563999999999995,13.370999999999999,12.673500000000004,10.788666666666662,12.635543555559961,11.111904963474338,1.5236385920856232,2.2607365188672204,-1.4741958535631943,26.075582867107276,41.522468739907545,-4.81818887849326
601299,2015-02-05,12.33,12.59,12.59,11.71,11.76,173235383,2099511948.0,0.0,,,-0.04622871046228712,12.117999999999995,13.120999999999999,12.741500000000006,10.975999999999996,12.385388253971401,11.153717563084491,1.2316706908869097,1.966717710872846,-1.4700940399718725,18.999883527566467,34.01494033579385,-11.030230088888302
601299,2015-02-06,11.76,11.75,11.99,11.21,11.44,183503511,2125226578.0,0.0,,,-0.02721088435374152,11.827999999999998,12.877,12.741500000000006,11.15433333333333,12.115277324265286,11.172187404587339,0.9430899196779468,1.6742526276743033,-1.462325415992713,14.814114695315075,27.614665122300924,-10.786986158656624
601299,2015-02-09,11.44,11.38,11.82,11.16,11.68,152104232,1758035962.0,0.0,,,0.020979020979021,11.843999999999998,12.617,12.784000000000004,11.340333333333328,11.990912374475204,11.20494951890572,0.7859628555694851,1.4204555499300693,-1.2689853887211684,15.144566838416734,23.457965694339524,-1.482230873428847
601299,2015-02-10,11.68,11.65,12.15,11.56,12.05,160828403,1910233492.0,0.0,,,0.03167808219178092,11.852,12.373,12.838500000000005,11.539666666666665,12.007794553196575,11.259468922511727,0.7483256306848478,1.2284184301457202,-0.9601855989217447,19.16875301969883,22.02822813612596,13.449802786844572
601299,2015-02-11,12.05,12.15,12.17,11.83,11.96,103563173,1238452351.0,0.0,,,-0.00746887966804978,11.778,12.171,12.892500000000005,11.72533333333333,11.994138966568983,11.30466448964685,0.6894744769221326,1.0744344435104094,-0.7699199331765536,22.2690856430258,22.10851397175924,22.590228985558916
601299,2015-02-12,11.96,12.07,13.16,12.0,12.89,305145098,3905442316.0,0.0,,,0.07775919732441469,12.004000000000001,12.061,12.9385,11.939999999999996,12.25009926183499,11.406944229099006,0.843155032735984,1.0083546118605735,-0.330399158249179,43.67939042868388,29.298806124067454,72.44055903791673
601299,2015-02-13,12.89,12.77,13.02,12.62,12.89,194188243,2487094472.0,0.0,,,0.0,12.294,12.061,12.9245,12.132999999999996,12.43292804416785,11.502625272048714,0.9303027721191359,0.9860540862201628,-0.1115026282020537,57.952926952455925,38.850179733530275,96.15842139030723
601299,2015-02-16,12.89,12.87,12.99,12.71,12.9,127751629,1643872689.0,0.0,,,0.000775795190069805,12.538,12.190999999999999,12.95,12.30266666666666,12.566377174405607,11.59277850275582,0.9735986716497873,0.9824953963429126,-0.017793449386250604,67.63528463497062,48.44521470067705,106.01542450355775
601299,2015-02-17,12.9,13.02,13.59,13.02,13.24,135961601,1809795483.0,0.0,,,0.02635658914728681,12.776000000000002,12.314,12.9305,12.457666666666661,12.758840838861149,11.69905088217579,1.0597899566853588,1.0045795564407543,0.1104208004892091,73.62242569629042,56.837618365881504,107.19204035710827
601299,2015-02-25,13.24,13.41,13.43,12.7,12.89,166065896,2158054221.0,0.0,,,-0.026435045317220518,12.962,12.37,12.870500000000002,12.572333333333328,12.796314884900822,11.775886325878208,1.0204285590226139,1.0091078428927143,0.0226414322597992,72.81275567681365,62.16266413619221,94.11293875805653
601299,2015-02-26,12.89,12.73,13.37,12.01,12.98,247419003,3138175918.0,0.0,,,0.006982156710628383,12.98,12.492,12.806500000000005,12.65833333333333,12.84879634635773,11.85357109488615,0.9952252514715809,1.0051413882009619,-0.01983227345876193,73.5075435650637,65.9442906124827,88.63404947022568
601299,2015-02-27,12.98,12.78,13.09,12.65,12.84,134014002,1723536541.0,0.0,,,-0.010785824345146423,12.970000000000002,12.632,12.754500000000002,12.704999999999995,12.846283104541236,11.917211681547892,0.9290714229933439,0.9834071124273568,-0.1086713788680258,70.02309144074853,67.3038908885713,75.46149254510297
601299,2015-03-02,12.84,12.88,12.97,12.61,12.79,127188369,1620509837.0,0.0,,,-0.0038940809968847907,12.948000000000002,12.743,12.680000000000005,12.77033333333333,12.830202217529454,11.97352061536599,0.856681602163464,0.9471998237805302,-0.18103644323413248,64.86387914231719,66.49055363981994,61.61053014731169
601299,2015-03-03,12.79,12.66,12.7,12.26,12.27,180062602,2234659915.0,0.0,,,-0.04065676309616885,12.754000000000001,12.765,12.569000000000004,12.813999999999995,12.670144441092468,11.992648320793142,0.6774961202993257,0.8701416227859003,-0.3852910049731493,48.90296345336868,60.628023577669516,25.452843204767007
601299,2015-03-04,12.27,12.2,12.88,12.18,12.49,132202043,1662382863.0,0.0,,,0.0179299103504483,12.674000000000001,12.817999999999998,12.494500000000004,12.867666666666665,12.618674600780333,12.024735530913558,0.5939390698667744,0.7912266076661502,-0.3945750755987516,42.72855791406014,54.66153502313306,18.862603695914302
601299,2015-03-05,12.49,12.4,13.74,12.19,13.35,268942913,3511505014.0,0.0,,,0.06885508406725377,12.748,12.864,12.462500000000002,12.913666666666666,12.827624714843095,12.110236476892322,0.7173882379507734,0.7701299306046139,-0.10548338530768087,54.304587742321395,54.54255259619584,53.82865803457251
601299,2015-03-06,13.35,13.5,14.5,13.39,14.42,449125703,6312437699.0,0.0,,,0.08014981273408242,13.063999999999998,13.016999999999996,12.539000000000005,12.95533333333333,13.282589082030784,12.259253498746054,1.0233355832847302,0.8424744027989329,0.3617223609715945,68.46544135967343,59.18351551735503,87.02929304431024
601299,2015-03-10,14.42,14.77,15.28,13.8,13.84,351548546,5081967321.0,0.0,,,-0.04022191400832178,13.274000000000001,13.110999999999995,12.651000000000005,13.003666666666666,13.441849344307702,12.361237157025043,1.080612187282659,0.9105137697942833,0.34019683497675146,64.29806182388016,60.88836428619675,71.11745689924697
601299,2015-03-11,13.84,14.07,14.19,13.57,13.72,169860029,2342313213.0,0.0,,,-0.008670520231213816,13.564000000000002,13.158999999999995,12.736500000000005,13.006666666666666,13.521320960219786,12.448899286409727,1.0724216738100587,0.9567731709416477,0.231297005736822,60.296567209803904,60.6910985940658,59.50750444128012
601299,2015-03-12,13.72,13.75,13.94,13.3,13.74,177449774,2408701371.0,0.0,,,0.0014577259475218346,13.814000000000002,13.243999999999994,12.807000000000004,12.995,13.583800685871275,12.53219611595976,1.0516045699115146,0.9838678563616098,0.1354734270998097,56.97190502158971,59.45136740324043,52.012980258288266
601299,2015-03-13,13.74,13.85,14.08,13.62,13.86,135568920,1880876346.0,0.0,,,0.008733624454148414,13.916000000000002,13.331999999999995,12.912000000000004,12.981666666666666,13.662714775622339,12.617860891637061,1.0448538839852777,1.0012924356826578,0.08712289660523975,56.0457861434254,58.31617364996875,51.5050111303387
601299,2015-03-16,13.86,13.86,13.93,13.61,13.87,156308240,2155565219.0,0.0,,,0.0007215007215007061,13.806000000000004,13.434999999999995,13.033500000000007,12.981333333333335,13.721939125444527,12.698644067827267,1.0232950576172595,1.0075788990925438,0.03143231704943128,55.53590043970295,57.38941591321349,51.828869492681875
601299,2015-03-17,13.87,13.92,14.16,13.82,13.92,182286274,2545340874.0,0.0,,,0.003604902667628026,13.822000000000005,13.547999999999995,13.145500000000007,12.969333333333335,13.778527946746092,12.777441231958234,1.0010867147878582,1.005723989291205,-0.009274549006693888,55.73361104582347,56.83748095741682,53.52587122263678
601299,2015-03-18,13.92,14.01,15.31,13.94,15.31,421461546,6192979436.0,0.0,,,0.0998563218390805,14.140000000000004,13.851999999999995,13.308500000000004,12.996666666666668,14.216091390532924,12.94083213421764,1.2752592563152838,1.082734065583799,0.38505038146296977,70.48907403054898,61.388011981794214,88.6911981280585
601299,2015-03-19,15.31,15.76,16.49,15.01,15.89,453007164,7191641016.0,0.0,,,0.037883736120182886,14.570000000000006,14.191999999999995,13.505000000000004,13.060333333333334,14.694350993237803,13.131101044033981,1.563249949203822,1.2200243180466626,0.6864512623143191,74.05645687721031,65.6108269469329,90.94771673776512
601299,2015-03-20,15.89,15.85,16.19,15.58,15.96,293653290,4659530127.0,0.0,,,0.004405286343612353,14.990000000000006,14.452999999999998,13.658500000000007,13.126,15.055964995169859,13.313610667780416,1.7423543273894424,1.369261463573171,0.7461857276325428,77.16616456390825,69.46260615259136,92.57328138654205
601299,2015-03-23,15.96,16.13,16.78,16.01,16.41,251000635,4109467590.0,0.0,,,0.02819548872180446,15.498000000000005,14.651999999999996,13.83450000000001,13.243333333333334,15.442832139407043,13.513377735483708,1.9294544039233354,1.5293165893875038,0.8002756290716633,81.2333817399235,73.3861980150354,96.92774918969968
601299,2015-03-24,16.41,16.4,16.41,15.65,16.09,253582974,4065762077.0,0.0,,,-0.019500304692260842,15.932000000000004,14.877,13.994000000000007,13.392999999999999,15.627737242433602,13.679611440876062,1.9481258015575396,1.6489763642932282,0.5982988745286226,80.87972575765014,75.88404059590698,90.87109608113644
601299,2015-03-25,16.09,16.0,17.63,15.48,17.07,302999803,4965975864.0,0.0,,,0.06090739589807336,16.284000000000002,15.211999999999998,14.185500000000005,13.561666666666666,16.039812316024,13.89834620005233,2.141466115971671,1.7896877219156404,0.7035567881120608,82.60970108553128,78.12592742578175,91.57724840503033
601299,2015-03-26,17.07,17.07,18.78,17.0,18.78,425476327,7694569552.0,0.0,,,0.10017574692442888,16.862000000000002,15.715999999999998,14.480000000000008,13.776666666666667,16.822723082874287,14.213291624585267,2.60943145828902,2.0239002180223205,1.171062480533399,88.4064673903542,81.55277408063922,102.11385400978415
601299,2015-03-27,18.78,19.09,19.16,18.2,18.41,248511177,4622901403.0,0.0,,,-0.01970181043663477,17.352000000000004,16.171,14.751500000000007,13.998333333333335,17.276230773481632,14.484047018188468,2.7921837552931645,2.2434098000997045,1.0975479103869201,87.58933032016121,83.56495949381322,95.6380719728572
601299,2015-04-07,18.41,20.19,20.25,19.78,20.25,64685455,1307380399.0,0.0,,,0.09994568169473113,18.120000000000005,16.808999999999994,15.122000000000007,14.292000000000002,18.125879123915453,14.856044003450341,3.269835120465112,2.536674177346964,1.4663218862362966,91.7262202134408,86.28537973368907,102.60790117294425
601299,2015-04-08,20.25,22.28,22.28,22.28,22.28,28916605,644261959.0,0.0,,,0.10024691358024697,19.358000000000004,17.645,15.596500000000004,14.645333333333335,19.312770802796752,15.33500892896941,3.977761873827342,2.9484135191985006,2.058696709257683,94.48414680896053,89.01830209211289,105.41583624265581
601299,2015-04-09,22.28,24.51,24.51,22.45,24.36,480208982,11463822320.0,0.0,,,0.09335727109515253,20.816000000000006,18.55,16.201000000000008,15.055666666666667,20.754836287711964,15.917266443028677,4.837569844683287,3.4881724693370115,2.698794750692551,95.76905468327158,91.26855295583245,104.77005813814984
601299,2015-04-10,24.36,24.34,24.34,23.13,23.87,226620083,5407442184.0,0.0,,,-0.02011494252873557,21.834000000000003,19.348000000000006,16.770000000000007,15.45266666666667,21.644883062651402,16.430346048457174,5.214537014194228,3.9814194821533593,2.4662350640817374,94.81687440309652,92.45132677158715,99.54796966611528
601299,2015-04-13,23.87,24.0,26.26,24.0,26.26,220544475,5654136015.0,0.0,,,0.10012568077084208,23.404000000000003,20.378,17.415500000000005,15.898333333333335,22.96348790189386,17.06451729554357,5.898970606350289,4.529291231923911,2.739358748852757,96.54458293539767,93.81574549285733,102.00225782047835
601299,2015-04-14,26.26,28.26,28.89,27.35,28.89,238363233,6821135546.0,0.0,,,0.1001523229246001,25.132000000000005,21.626,18.139000000000006,16.43166666666667,24.656777072781328,17.8274516910404,6.829325381740926,5.186443846157344,3.285763071167164,97.69638862359845,95.10929320310437,102.8705794645866
601299,2015-04-15,28.89,30.35,31.78,30.27,31.78,264096671,8268653779.0,0.0,,,0.10003461405330566,27.032000000000004,23.195,19.036000000000005,17.061000000000003,26.691983623415236,18.727616128387194,7.964367495028043,5.980136317263258,3.968462355529569,98.46425908239898,96.22761516286924,102.93754692145845
601299,2015-04-16,31.78,33.59,34.96,31.78,34.96,146563349,5018699796.0,0.0,,,0.1000629326620516,29.152000000000008,24.984,20.098000000000006,17.785000000000007,29.05427401672517,19.774866733744705,9.279407282980465,6.922785164611031,4.713244236738868,98.97617272159933,97.14380101577927,102.64091613323944
601299,2015-04-17,34.96,38.46,38.46,38.46,38.46,29419024,1131455663.0,0.0,,,0.10011441647597254,32.07000000000001,26.951999999999998,21.334,18.63733333333334,31.741624297660838,20.98035923806605,10.761265059594788,8.019493706034961,5.483542707119653,99.31744848106621,97.86835017087492,102.21564510144879
601299,2015-04-20,38.46,42.29,42.31,35.06,37.61,677489394,27378516251.0,0.0,,,-0.02210088403536145,34.34000000000001,28.872,22.5215,19.45833333333334,33.41830306975774,22.053239316805012,11.365063752952729,8.97537086229718,4.779385781311099,91.72336472210871,95.82002168795286,83.5300507904204
601299,2015-04-21,37.61,35.49,35.59,33.85,33.85,248092511,8556589381.0,0.0,,,-0.09997341132677474,35.33200000000001,30.232,23.5205,20.158666666666672,33.541645049826954,22.814320670835706,10.727324378991248,9.475929009924055,2.5027907381343866,80.28284737767973,90.64096358452848,59.56661496398223
601299,2015-04-22,33.85,30.47,33.85,30.47,31.89,580278578,18241440407.0,0.0,,,-0.057902511078286575,35.354,31.192999999999994,24.419,20.795333333333346,33.06974646416211,23.399848383619943,9.669898080542165,9.53134874438637,0.27709867231158825,68.74609011831411,83.3426724291237,39.55292549669497
601299,2015-04-23,31.89,31.83,33.25,31.0,32.17,377266527,12102667297.0,0.0,,,0.00878018187519602,34.796,31.974,25.261999999999997,21.458666666666673,32.81267604583008,23.965664629706808,8.847011416123273,9.335823793454058,-0.9776247546615693,60.704202077783776,75.79651564534372,30.519574942663894
601299,2015-04-24,32.17,32.8,35.39,32.01,35.39,361510567,12042059601.0,0.0,,,0.10009325458501707,34.181999999999995,33.12599999999999,26.237,22.222000000000005,33.549054318450054,24.702718540128384,8.84633577832167,9.195970074844803,-0.6992685930462663,58.38390655452965,69.99231261507236,35.16709443344422
601299,2015-04-27,35.39,37.61,37.8,34.48,35.77,365728509,13297335891.0,0.0,,,0.010737496467928863,33.814,34.07699999999999,27.2275,22.96933333333334,34.18361022746432,25.416736712934554,8.766873514529767,9.073371057611936,-0.6129950861643394,54.149625410660974,64.71141688026857,33.02604247144578
601299,2015-04-28,35.77,37.2,37.2,32.19,32.94,364101917,12428812748.0,0.0,,,-0.0791165781381047,33.632,34.48199999999999,28.054000000000002,23.58666666666668,33.82829301961737,25.902108546876008,7.926184472741362,8.74560346193463,-1.6388379783865368,43.05357910260281,57.49213762104665,14.176462065715128
601299,2015-04-29,32.94,32.55,34.99,31.7,34.1,286568061,9749485631.0,0.0,,,0.035215543412264835,34.074,34.714,28.954500000000003,24.26200000000001,33.90592358544098,26.431004778801437,7.474918806639543,8.382550703278891,-1.815263793278696,38.92198066299647,51.30208530169659,14.16177138559621
601299,2015-04-30,34.1,34.6,34.9,32.4,32.56,211484936,6980879022.0,0.0,,,-0.04516129032258062,34.152,34.474000000000004,29.72900000000001,24.89000000000001,33.5213739896007,26.826423831725123,6.694950157875574,7.900379118877943,-2.4108579220047375,31.831996117673327,44.81205557368884,5.871877205642306
601299,2015-05-04,32.56,32.07,32.2,29.59,30.62,211886290,6533184127.0,0.0,,,-0.05958230958230961,33.198,33.690000000000005,30.321000000000005,25.45266666666668,32.69240999257193,27.071170684993948,5.621239307577984,7.2491963156493835,-3.2559140161427997,25.40322274673959,38.34244463137242,-0.4752210225260711
601299,2015-05-05,30.62,30.11,33.59,29.48,32.6,277031131,8918040813.0,0.0,,,0.06466361854996737,32.564,33.18900000000001,31.03050000000001,26.077333333333346,32.666007137551375,27.42786935552645,5.238137782024925,6.674608163185253,-2.872940762320656,29.435481831159734,35.37345703130153,17.55953143087615
601299,2015-05-06,32.6,32.88,33.85,29.57,29.98,256970927,8237144648.0,0.0,,,-0.08036809815950922,31.971999999999998,32.80200000000001,31.51700000000001,26.614333333333335,31.89857652682241,27.592522947672435,4.3060535791499746,5.997878282032317,-3.383649405764684,21.62685968231162,30.791257914971556,3.2980632169917428
