SecurityID,DateTime,PreClosePx,OpenPx,HighPx,LowPx,LastPx,Volume,Amount,IOPV,fp_Volume,fp_Amount,UpRate,Mean5,Mean10,Mean20,Mean30,EMA12,EMA26,DIF,DEA,MACD
122842,2014-01-02,96.4,96.4,96.77,96.39,96.68,6479,6253849.0,0.0,,,0.002904564315352709,,,,,96.68,96.68,0.0,0.0,0.0
122842,2014-01-03,96.68,96.75,97.0,96.37,96.58,22580,21803112.0,0.0,,,-0.0010343400910220162,,,,,96.62583333333332,96.62807692307692,-0.0022435897435997276,-0.0012464387464442932,-0.001994301994310869
122842,2014-01-06,96.58,96.68,96.68,96.01,96.23,19926,19179300.0,0.0,,,-0.003623938703665296,,,,,96.47133949191685,96.48505174963036,-0.01371225771350737,-0.006355380946060307,-0.014713753534894125
122842,2014-01-07,96.23,96.3,96.4,96.21,96.38,4864,4681565.0,0.0,,,0.0015587654577573669,,,,,96.44250718390803,96.45568387115101,-0.01317668724297505,-0.00866612156154633,-0.009021131362857437
122842,2014-01-08,96.38,96.1,96.4,96.1,96.4,1784,1717156.0,0.0,,,0.0002075119319361925,96.454,,,,96.4309581339599,96.44277055175748,-0.011812417797571584,-0.009602073559412004,-0.00442068847631916
122842,2014-01-09,96.4,96.12,96.35,96.11,96.35,190,182971.0,0.0,,,-0.0005186721991702423,96.38799999999999,,,,96.41128104821603,96.42418935015183,-0.012908301935809163,-0.01049824527215735,-0.004820113327303626
122842,2014-01-10,96.35,96.1,96.25,96.1,96.24,2007,1928737.0,0.0,,,-0.001141670991177991,96.32,,,,96.37306028157329,96.39143222903961,-0.01837194746632065,-0.012490869246239428,-0.01176215644016244
122842,2014-01-13,96.24,95.5,96.38,87.18,96.29,2412,2280529.0,0.0,,,0.000519534497090725,96.33200000000001,,,,96.35572688102587,96.37508898362051,-0.01936210259464133,-0.01414215583343216,-0.010439893522418336
122842,2014-01-14,96.29,95.5,95.51,94.5,94.96,10778,10226704.0,0.0,,,-0.013812441582719,96.04799999999999,,,,96.07960242588824,96.1653417308886,-0.08573930500035942,-0.030681452486280982,-0.11011570502815687
122842,2014-01-15,94.96,94.9,94.99,94.9,94.99,72,68388.0,0.0,,,0.0003159224936815621,95.766,96.11,,,95.8731231896503,96.0031560112602,-0.13003282160990182,-0.05294192650903478,-0.15418179020173406
122842,2014-01-16,94.99,95.49,95.49,94.24,95.09,146,139158.0,0.0,,,0.0010527423939362935,95.514,95.95100000000001,,,95.7298305283781,95.88471938731152,-0.1548888589334183,-0.07524733280523492,-0.15928305225636677
122842,2014-01-17,95.09,94.9,96.2,94.9,96.2,412,391066.0,0.0,,,0.011673151750972756,95.506,95.913,,,95.81342511693212,95.92345657827138,-0.11003146133926123,-0.08271750482431958,-0.05462791302988329
122842,2014-01-20,96.2,95.09,95.4,94.11,95.37,522,491448.0,0.0,,,-0.00862785862785861,95.32200000000002,95.82700000000001,,,95.73642967114175,95.85861923995583,-0.12218956881407905,-0.09107116494407971,-0.06223680773999868
122842,2014-01-21,95.37,97.07,97.07,97.07,97.07,23,22326.0,0.0,,,0.01782531194295888,95.744,95.896,,,95.96349411963534,95.99467171566837,-0.031177596033032273,-0.07854138564035366,0.09472757921464278
122842,2014-01-23,97.07,95.03,97.48,95.03,97.48,1186,1144285.0,0.0,,,0.004223756052333479,96.242,96.004,,,96.21753481627108,96.15534785227861,0.06218696399247392,-0.04936931471577601,0.22311255741649988
122842,2014-01-24,97.48,97.35,97.35,95.62,97.0,948,915563.0,0.0,,,-0.0049240869922035704,96.624,96.069,,,96.34684335727198,96.24370540558203,0.10313795168994488,-0.017984456202729128,0.242244815785348
122842,2014-01-27,97.0,95.25,97.43,95.25,97.43,192,184325.0,0.0,,,0.0044329896907217186,96.87,96.188,,,96.52382387864024,96.36412466667096,0.15969921196928283,0.018370927903235933,0.2826565681320938
122842,2014-01-28,97.43,97.89,97.89,96.25,97.4,543,529914.0,0.0,,,-0.00030791337370420955,97.27600000000001,96.29899999999999,,,96.66563131867399,96.46646732330275,0.19916399537123652,0.05519286647210737,0.2879422577982583
122842,2014-01-29,97.4,96.25,97.49,96.25,97.49,113,108775.0,0.0,,,0.0009240246406569733,97.36,96.552,,,96.79799465875192,96.56515068374348,0.23284397500843568,0.09124261987859952,0.2832027102596723
122842,2014-01-30,97.49,97.49,97.96,95.74,97.49,509,493128.0,0.0,,,0.0,97.36200000000001,96.802,96.45600000000002,,96.90836394219605,96.65237100382616,0.2559929383698858,0.12457700284652194,0.26283187104672767
122842,2014-02-07,97.49,96.55,97.78,96.55,97.55,26,25235.0,0.0,,,0.0006154477382295854,97.47199999999998,97.048,96.4995,,97.01012520657409,96.73534537664307,0.27477982993102046,0.15489722293352337,0.23976521399499418
122842,2014-02-10,97.55,97.89,97.9,97.01,97.01,694,674580.0,0.0,,,-0.0055356227575601435,97.38799999999998,97.129,96.52100000000002,,97.01010544312773,96.76027589591365,0.2498295472140768,0.17402482457854992,0.15160944527105374
122842,2014-02-11,97.01,97.5,97.65,97.01,97.2,325,316116.0,0.0,,,0.0019585609730955337,97.34799999999998,97.31200000000001,96.56950000000002,,97.03996023912461,96.79953436993578,0.2404258691888259,0.18738389151302234,0.10608395535160714
122842,2014-02-12,97.2,97.15,97.7,97.15,97.7,270,262981.0,0.0,,,0.0051440329218107,97.39,97.375,96.63550000000002,,97.14338151348291,96.87872361997054,0.26465789351236424,0.2029120214331673,0.12349174415839387
122842,2014-02-13,97.7,97.4,98.5,97.4,98.2,229,223808.0,0.0,,,0.005117707267144319,97.53200000000001,97.447,96.72550000000004,,97.30847308854551,96.99333061818477,0.3151424703607404,0.2254432317245206,0.17939847727243957
122842,2014-02-14,98.2,98.2,98.98,97.7,98.95,452,443273.0,0.0,,,0.0076374745417515265,97.81200000000001,97.642,96.85550000000003,,97.56433996359044,97.16092863892695,0.4034113246634945,0.2611447515350615,0.284533146256866
122842,2014-02-17,98.95,98.31,99.95,97.65,99.95,1855,1830553.0,0.0,,,0.01010611419909045,98.4,97.89399999999999,97.04100000000004,,97.93544428238826,97.39709092240581,0.5383533599824517,0.31672084798043193,0.44326502400403955
122842,2014-02-18,99.95,99.0,99.45,99.0,99.39,55,54627.0,0.0,,,-0.0056028014007003715,98.838,98.09300000000002,97.19600000000004,,98.16132323523317,97.56406884988951,0.5972543853436605,0.3729362919357314,0.44863618681585815
122842,2014-02-19,99.39,98.61,99.51,98.61,99.51,32,31834.0,0.0,,,0.001207364926048944,99.20000000000002,98.29500000000004,97.42350000000003,,98.37045807137542,97.72554246003115,0.644915611344274,0.42741645979386317,0.43499830310082166
122842,2014-02-20,99.51,98.45,99.67,98.45,99.67,275,271009.0,0.0,,,0.0016078786051652756,99.494,98.51300000000003,97.65750000000004,97.14166666666664,98.5717280748465,97.88546947170335,0.686258603143159,0.47924905410756324,0.4140190980711915
122842,2014-02-21,99.67,99.27,99.99,99.27,99.7,1320,1316293.0,0.0,,,0.00030099327781680683,99.64400000000002,98.72800000000004,97.88800000000003,97.24233333333332,98.7462921195952,98.03350035767214,0.7127917619230573,0.526003899426703,0.3735757249927085
122842,2014-02-24,99.7,99.69,99.7,98.8,99.7,740,731244.0,0.0,,,0.0,99.59400000000002,98.99700000000004,98.06300000000005,97.34633333333332,98.89371941085071,98.16844179189792,0.7252776189527879,0.5658902445502554,0.31877474880506496
122842,2014-02-25,99.7,99.5,99.5,99.5,99.5,100,99500.0,0.0,,,-0.002006018054162516,99.616,99.22700000000003,98.26950000000005,97.45533333333331,98.9873712191551,98.27552327709346,0.7118479420616382,0.5951002981235043,0.23349528787626772
122842,2014-02-26,99.5,98.62,99.98,98.62,99.98,51,50310.0,0.0,,,0.004824120603015116,99.71,99.45500000000004,98.41500000000006,97.5753333333333,99.14060650116161,98.41173007971615,0.728876421445463,0.6218690961810661,0.21401465052879387
122842,2014-02-28,99.98,99.55,99.89,99.55,99.6,1529,1522137.0,0.0,,,-0.003800760152030503,99.696,99.59500000000004,98.52100000000007,97.68199999999996,99.21148718851501,98.50613511521578,0.705352073299224,0.6385724672969924,0.1335592120044633
122842,2014-03-03,99.6,99.65,99.98,99.65,99.7,216,215285.0,0.0,,,0.0010040160642571137,99.696,99.67000000000004,98.65600000000006,97.79366666666664,99.28682716828531,98.60047771658961,0.6863494516957047,0.6481309660869373,0.07643697121753479
122842,2014-03-04,99.7,99.5,99.89,98.55,99.79,222,220751.0,0.0,,,0.0009027081243731537,99.71400000000004,99.65400000000002,98.77400000000006,97.91199999999998,99.36439881896284,98.694014262177,0.6703845567858338,0.6525828399992631,0.03560343357314122
122842,2014-03-05,99.79,97.6,99.66,97.59,99.58,234,228481.0,0.0,,,-0.0021044192804891065,99.73000000000002,99.67300000000002,98.88300000000008,98.02166666666665,99.3976263845705,98.76336638410619,0.6342600004643089,0.6489175108331877,-0.029315020737757713
122842,2014-03-07,99.58,98.2,100.14,98.2,99.5,1213,1192854.0,0.0,,,-0.0008033741715203685,99.634,99.67200000000001,98.98350000000006,98.17299999999996,99.41339952991638,98.82078638085926,0.5926131490571152,0.637654767133694,-0.09008323615315761
122842,2014-03-10,99.5,99.94,99.94,99.94,99.94,1,999.0,0.0,,,0.0044221105527637965,99.70200000000004,99.699,99.10600000000004,98.33799999999998,99.49451663178674,98.90769141313221,0.5868252186545249,0.6274875059770431,-0.0813245746450364
122842,2014-03-13,99.94,98.91,99.88,98.91,99.87,144,143049.0,0.0,,,-0.0007004202521512223,99.73600000000002,99.716,99.22200000000008,98.4973333333333,99.55234461797004,98.982146916134,0.5701977018360367,0.6160283265998789,-0.09166124952768451
122842,2014-03-17,99.87,99.5,99.65,99.5,99.65,388,386063.0,0.0,,,-0.0022028637228396803,99.70800000000004,99.711,99.35400000000006,98.61233333333332,99.56738201391241,99.03365003966812,0.5337319742442901,0.5995676558097568,-0.13167136313093342
122842,2014-03-18,99.65,99.68,99.68,98.91,99.59,390,387068.0,0.0,,,-0.0006021073758153765,99.71000000000002,99.72,99.47350000000004,98.753,99.57086434765515,99.07642414970648,0.4944401979486628,0.5785407332193404,-0.16820107054135525
122842,2014-03-19,99.59,99.03,99.6,99.03,99.56,325,322007.0,0.0,,,-0.0003012350637614332,99.72200000000002,99.678,99.56650000000003,98.83599999999998,99.56919183521867,99.11349897684596,0.4556928583727142,0.5539698204822802,-0.19655392421913187
122842,2014-03-21,99.56,99.45,99.45,99.3,99.45,67,66602.0,0.0,,,-0.001104861390116507,99.62400000000004,99.663,99.62900000000003,98.90166666666664,99.55084465764031,99.13923111179027,0.41161354585004517,0.525497325403767,-0.22776755910744373
122842,2014-03-24,99.45,99.45,99.45,98.56,99.36,118,117222.0,0.0,,,-0.0009049773755656453,99.52200000000002,99.629,99.64950000000003,98.98033333333332,99.52147043169018,99.15607289743107,0.3653975342591025,0.49347625140325246,-0.25615743428829996
122842,2014-03-25,99.36,99.22,99.32,99.22,99.31,160,158844.0,0.0,,,-0.0005032206119162355,99.45400000000002,99.581,99.61750000000004,99.04299999999998,99.48892385357466,99.16778959932574,0.3211342542489177,0.4590068911068591,-0.27574527371588275
122842,2014-03-26,99.31,99.35,99.35,98.2,99.28,189,187316.0,0.0,,,-0.0003020843822374497,99.392,99.551,99.61200000000004,99.10566666666664,99.45677113494432,99.17631346147527,0.28045767346904427,0.42329625120541486,-0.2856771554727412
122842,2014-03-28,99.28,99.28,99.28,99.26,99.26,125,124096.0,0.0,,,-0.0002014504431909349,99.332,99.527,99.59950000000003,99.16466666666666,99.42649021567792,99.18265857274189,0.24383164293602988,0.3874026891889933,-0.2871420925059268
122842,2014-03-31,99.26,99.26,99.26,99.25,99.26,167,165759.0,0.0,,,0.0,99.294,99.459,99.57900000000004,99.22366666666667,99.40087029623903,99.18851237766631,0.2123579185727209,0.35239323539411727,-0.2800706336427927
122842,2014-04-01,99.26,99.45,99.45,99.28,99.35,145,144069.0,0.0,,,0.000906709651420403,99.292,99.40699999999998,99.56150000000004,99.28366666666668,99.39304253527615,99.20071533302459,0.19232720225156186,0.3203796632352302,-0.2561049219673367
122842,2014-04-02,99.35,99.48,99.5,99.21,99.35,531,527735.0,0.0,,,0.0,99.3,99.37699999999998,99.54400000000004,99.36166666666666,99.38641948882027,99.21197935742913,0.1744401313911368,0.29119149025039526,-0.23350271771851694
122842,2014-04-03,99.35,99.3,99.34,99.3,99.34,283,281092.0,0.0,,,-0.00010065425264208259,99.312,99.352,99.53600000000004,99.43299999999999,99.37927700885261,99.22162563586967,0.15765137298294007,0.26448327162637797,-0.2136637972868758
122842,2014-04-04,99.34,99.34,99.44,99.02,99.43,367,364699.0,0.0,,,0.0009059794644655064,99.346,99.33899999999998,99.50850000000004,99.49066666666668,99.38708148916125,99.2373065206953,0.14977496846594818,0.24154147687640967,-0.183533016820923
122842,2014-04-08,99.43,99.41,100.1,99.35,99.43,650,646290.0,0.0,,,0.0,99.38000000000002,99.337,99.50000000000004,99.53166666666668,99.39368501227054,99.25179028375626,0.14189472851427354,0.2216120339978596,-0.1594346109671721
122842,2014-04-09,99.43,99.35,100.3,99.35,99.83,2,1997.0,0.0,,,0.00402293070501852,99.47600000000004,99.384,99.50650000000002,99.561,99.4608162038058,99.29520393856748,0.16561226523832318,0.2104120383417936,-0.08959954620694083
122842,2014-04-10,99.83,99.55,99.78,99.34,99.78,139,138445.0,0.0,,,-0.0005008514474606545,99.562,99.431,99.506,99.55533333333337,99.5099249988193,99.33156714281436,0.17835785600493637,0.20400118268573522,-0.05128665336159771
122842,2014-04-11,99.78,99.31,99.68,99.31,99.67,81,80465.0,0.0,,,-0.0011024253357386194,99.62799999999999,99.47,99.51050000000002,99.5646666666667,99.53455344788053,99.3569283844694,0.17762506341112783,0.19872594619913186,-0.04220176557600808
122842,2014-04-14,99.67,99.4,99.95,99.4,99.95,1353,1347589.0,0.0,,,0.002809270592956769,99.73200000000001,99.53900000000002,99.53300000000002,99.57933333333335,99.59847165275015,99.40133323393526,0.19713841881488747,0.19840844011406217,-0.00254004259834939
122842,2014-04-15,99.95,99.8,99.9,99.34,99.88,446,445399.0,0.0,,,-0.0007003501750876178,99.822,99.601,99.53000000000002,99.58633333333336,99.64178562744146,99.437143690268,0.2046419371734629,0.1996551414365065,0.009973591473912802
122842,2014-04-16,99.88,99.4,99.88,99.4,99.86,493,492254.0,0.0,,,-0.00020024028834597543,99.828,99.652,99.52950000000004,99.5916666666667,99.67535832944624,99.46875544756934,0.20660288187690412,0.20104469122816912,0.011116381297470002
122842,2014-04-17,99.86,99.86,100.28,99.86,100.28,21,20975.0,0.0,,,0.004205888243540974,99.928,99.745,99.56100000000004,99.61100000000003,99.76838307923342,99.52936077914502,0.23902230008839354,0.20864022044988736,0.06076415927701234
122842,2014-04-18,100.28,99.51,100.27,99.51,100.27,2,1998.0,0.0,,,-9.972078181098042e-05,100.048,99.838,99.59500000000004,99.63666666666671,99.84555698705284,99.58465644906946,0.26090053798338886,0.21909229215767734,0.08361649165142304
122842,2014-04-21,100.27,99.82,100.35,99.82,100.2,67,67109.0,0.0,,,-0.0006981150892589327,100.09799999999998,99.915,99.62700000000004,99.64400000000003,99.90008792129119,99.63057074691925,0.26951717437194134,0.22917727493097642,0.08067979888192983
122842,2014-04-22,100.2,100.17,100.17,99.52,100.16,181,181101.0,0.0,,,-0.0003992015968064496,100.154,99.988,99.66250000000004,99.6626666666667,99.94007516429602,99.67005310298549,0.2700220613105273,0.2373462363090787,0.06535165000289722
122842,2014-04-23,100.16,99.66,100.2,99.58,100.13,1027,1027255.0,0.0,,,-0.0002995207667731743,100.208,100.01799999999996,99.70100000000004,99.67700000000004,99.96929484548707,99.70433660562806,0.2649582398590127,0.24286863923760532,0.044179201242814714
122842,2014-04-24,100.13,100.18,100.18,99.61,100.13,3,2999.0,0.0,,,0.0,100.178,100.05299999999997,99.74200000000003,99.68833333333338,99.99401905599886,99.73604997464682,0.2579690813520443,0.24588872863111244,0.024160705441863772
122842,2014-04-25,100.13,99.65,100.11,99.65,100.09,4,3995.0,0.0,,,-0.0003994806751222615,100.142,100.09499999999996,99.78250000000004,99.7053333333334,100.00878552719597,99.7624091374337,0.24637638976226128,0.24598626088241873,0.000780257759685099
122842,2014-04-28,100.09,99.83,100.13,99.83,100.08,47,47011.0,0.0,,,-9.991008092721668e-05,100.11800000000002,100.10799999999998,99.82350000000004,99.72466666666672,100.0197417079946,99.78605118736222,0.23369052063237916,0.2435271123265933,-0.019673183388428273
122842,2014-04-29,100.08,100.0,100.77,99.94,100.08,1358,1359322.0,0.0,,,0.0,100.10200000000002,100.12799999999996,99.86450000000004,99.7293333333334,100.02901229182478,99.80792523481229,0.22108705701249676,0.2390391005252696,-0.035904087025545706
122842,2014-04-30,100.08,99.64,100.15,99.64,100.15,332,332493.0,0.0,,,0.0006994404476419602,100.10600000000002,100.15699999999997,99.90450000000006,99.73866666666672,100.04762591683203,99.83337188775899,0.21425402907304658,0.23408208558228177,-0.039656113018470385
122842,2014-05-05,100.15,96.04,100.76,96.04,100.34,599,599872.0,0.0,,,0.0018971542685970813,100.14800000000002,100.16299999999997,99.95400000000005,99.76166666666671,100.09260681378129,99.87104765431066,0.22155915947062965,0.23157750009618766,-0.020036681251116017
122842,2014-05-06,100.34,99.71,100.55,99.71,100.29,237,237683.0,0.0,,,-0.000498305760414562,100.18800000000002,100.16499999999996,100.00150000000006,99.78500000000004,100.12297514981672,99.9021942650551,0.2207808847616235,0.22941817684735222,-0.01727458417145744
122842,2014-05-07,100.29,99.73,100.54,99.73,100.31,474,475647.0,0.0,,,0.00019942167713626503,100.234,100.17599999999996,100.04550000000008,99.81000000000004,100.1517483267855,99.93250400904739,0.21924431773810227,0.22738340488835887,-0.016278174300513204
122842,2014-05-08,100.31,99.68,100.74,99.68,100.74,129,129463.0,0.0,,,0.0042867111952945135,100.366,100.23399999999997,100.11100000000008,99.85300000000004,100.24224891180874,99.99250532786903,0.2497435839397184,0.23185544093976246,0.035776285999911894
122842,2014-05-09,100.74,99.0,100.87,99.0,100.87,438,439885.0,0.0,,,0.0012904506650785158,100.51000000000002,100.30799999999996,100.16300000000008,99.90333333333338,100.33882629811781,100.05769284716887,0.2811334509489427,0.24171104336672894,0.07884481516442754
122842,2014-05-12,100.87,100.13,100.86,100.13,100.86,2,2010.0,0.0,,,-9.913750371770712e-05,100.61399999999999,100.38099999999996,100.21700000000007,99.95500000000006,100.41900707544931,100.11728205839236,0.30172501705695254,0.2537138385189749,0.0960223570759553
122842,2014-05-13,100.86,100.19,100.99,100.16,100.99,315,317601.0,0.0,,,0.0012889153281776269,100.75399999999999,100.47099999999996,100.28300000000007,100.01200000000004,100.50685233341359,100.18208799472191,0.3247643386916792,0.2679239389458138,0.11368079949173082
122842,2014-05-14,100.99,100.28,101.04,100.28,100.96,103,103553.0,0.0,,,-0.00029705911476384927,100.884,100.55899999999994,100.33350000000007,100.0686666666667,100.57656748840958,100.23984327077368,0.3367242176359042,0.28168399498773083,0.11008044529634675
122842,2014-05-15,100.96,98.0,100.96,98.0,100.96,2,1990.0,0.0,,,0.0,100.928,100.64699999999992,100.38750000000007,100.12533333333336,100.63555719820121,100.29330148344327,0.3422557147579397,0.29379833915581455,0.0969147512042503
122842,2014-05-16,100.96,100.22,100.98,100.21,100.91,4,4023.0,0.0,,,-0.0004952456418383239,100.936,100.72299999999993,100.44000000000008,100.17733333333337,100.67777922380512,100.33907265327866,0.3387065705264547,0.3027799855568961,0.07185316993911717
122842,2014-05-19,100.91,100.2,100.78,100.2,100.78,11,11028.0,0.0,,,-0.0012882766821920074,100.92,100.76699999999992,100.46500000000006,100.22500000000004,100.69350551474542,100.37179337769535,0.3217121370500706,0.30656641589834727,0.030291442303446714
122842,2014-05-20,100.78,100.45,100.83,100.26,100.65,1029,1032191.0,0.0,,,-0.0012899384798570695,100.85199999999998,100.80299999999993,100.48400000000008,100.26866666666668,100.68681235226387,100.39243599671317,0.2943763555506962,0.3041284038067622,-0.01950409651213203
122842,2014-05-21,100.65,100.86,100.86,100.5,100.76,3260,3277102.0,0.0,,,0.0010928961748633823,100.81199999999998,100.84799999999993,100.51200000000007,100.31300000000005,100.69807199944005,100.41970542976185,0.27836656967819806,0.2989760369437617,-0.04121893453112724
122842,2014-05-22,100.76,100.87,100.87,100.5,100.76,12296,12386487.0,0.0,,,0.0,100.772,100.84999999999994,100.54200000000006,100.3573333333334,100.70759939063042,100.44494883725942,0.26265055337100307,0.29171094018714794,-0.058120773632289735
122842,2014-05-23,100.76,100.76,101.0,100.76,101.0,6767,6832566.0,0.0,,,0.002381897578404077,100.79,100.86299999999993,100.58550000000004,100.3963333333334,100.75258412568854,100.48611870957158,0.26646541611695795,0.2866618353497241,-0.04039283846553232
122842,2014-05-26,101.0,100.6,100.99,100.0,100.99,45,45016.0,0.0,,,-9.900990099014966e-05,100.83200000000001,100.87599999999992,100.62850000000005,100.43666666666672,100.7891096626244,100.52348945205263,0.2656202105717682,0.28245351037853966,-0.0336665996135429
122842,2014-05-27,100.99,100.96,100.97,100.9,100.9,53,53484.0,0.0,,,-0.0008911773442914071,100.882,100.86699999999992,100.66900000000004,100.47766666666669,100.80616972156751,100.55141108547728,0.2547586360902301,0.2769145355044587,-0.04431179882845726
122842,2014-05-28,100.9,100.62,101.06,100.62,100.95,1441,1454588.0,0.0,,,0.0004955401387512107,100.92,100.86599999999993,100.71250000000003,100.51100000000004,100.8282974644365,100.58096751862566,0.2473299458108471,0.27099761755170493,-0.04733534348171564
122842,2014-05-30,100.95,101.09,101.19,99.0,101.0,129,128193.0,0.0,,,0.0004952947003466781,100.96799999999999,100.86999999999992,100.75850000000004,100.54833333333336,100.85471324694234,100.61203745484589,0.24267579209644907,0.2653332524499077,-0.04531492070691723
122842,2014-06-03,101.0,101.0,101.2,101.0,101.2,1105,1118246.0,0.0,,,0.0019801980198020084,101.008,100.89899999999993,100.81100000000004,100.59300000000003,100.90783429915301,100.65562984999443,0.2522044491585831,0.2627074917876576,-0.021006085258149065
122842,2014-06-04,101.2,101.38,101.4,101.38,101.4,301,305213.0,0.0,,,0.0019762845849802648,101.09,100.96099999999993,100.86400000000003,100.63033333333335,100.98355211529866,100.71081481353445,0.2727373017642094,0.2647134537854036,0.016047695957611574
122842,2014-06-06,101.4,101.4,101.4,101.4,101.4,30,30420.0,0.0,,,0.0,101.19,101.03599999999993,100.91950000000004,100.66800000000003,101.04762103210395,100.76190537251608,0.28571565958786493,0.2689138949499759,0.03360352927577803
122842,2014-06-09,101.4,101.5,101.5,101.45,101.5,418,424166.0,0.0,,,0.0009861932938855457,101.3,101.10999999999993,100.97900000000004,100.71133333333336,101.1172178069353,100.81661851785714,0.30059928907816413,0.27525097378053787,0.050696630595252534
122842,2014-06-11,101.5,101.01,101.56,101.0,101.39,749,756602.0,0.0,,,-0.0010837438423645263,101.378,101.17299999999993,101.01150000000004,100.75233333333335,101.15918430355363,100.85911960879437,0.3000646947592571,0.28021371797936684,0.03970195355978057
122842,2014-06-12,101.39,101.0,101.2,101.0,101.19,247,249505.0,0.0,,,-0.0019725811223986877,101.37600000000003,101.19199999999994,101.02750000000003,100.7876666666667,101.16392518044405,100.88364443530082,0.2802807451432301,0.2802271234121462,0.00010724346216783864
122842,2014-06-13,101.19,101.18,101.48,101.18,101.48,750,759031.0,0.0,,,0.002865895839509895,101.39200000000002,101.24099999999994,101.05850000000004,100.8326666666667,101.21255208022167,100.92784423296504,0.2847078472566267,0.2811232681813988,0.007169158150455712
122842,2014-06-16,101.48,101.2,101.48,101.0,101.0,1163,1176120.0,0.0,,,-0.004729996058336657,101.31200000000004,101.25099999999996,101.05900000000004,100.86300000000004,101.179851757649,100.9331919401621,0.24665981748690058,0.2742305780403053,-0.05514152110680948
122842,2014-06-17,101.0,101.02,101.98,101.02,101.98,677,685060.0,0.0,,,0.009702970297029745,101.40800000000004,101.35399999999993,101.11000000000004,100.92633333333336,101.3029514953276,101.0107713665069,0.29218012882070354,0.27782048819729904,0.028719281246809003
122842,2014-06-18,101.98,101.0,101.95,101.0,101.95,665,671660.0,0.0,,,-0.0002941753284957946,101.52000000000004,101.44899999999993,101.15950000000002,100.98866666666667,101.40249742465632,101.08037549955282,0.32212192510350235,0.28668077558034455,0.0708822990463156
122842,2014-06-24,101.95,102.27,102.27,102.27,102.27,1,1023.0,0.0,,,0.003138793526238285,101.73600000000003,101.55599999999993,101.22750000000002,101.05933333333336,101.5359593656014,101.16853294024611,0.3674264253552906,0.30282990553796546,0.12919303963465023
122842,2014-06-27,102.27,101.5,101.6,101.5,101.6,20,20310.0,0.0,,,-0.0065512858120661144,101.76000000000003,101.57599999999992,101.26850000000003,101.10133333333334,101.54581177128557,101.2005059243979,0.3453058468876691,0.3113250938090137,0.06796150615731078
122842,2014-06-30,101.6,100.8,101.2,100.4,101.0,102,103072.0,0.0,,,-0.005905511811023567,101.76000000000003,101.53599999999993,101.28600000000004,101.125,101.46184072672177,101.18564827199104,0.27619245473073306,0.3042985659926247,-0.05621222252378333
122842,2014-07-01,101.0,101.0,102.25,101.0,102.0,472,481945.0,0.0,,,0.0099009900990099,101.76400000000004,101.58599999999993,101.34800000000004,101.18133333333336,101.54463446343128,101.24599078510589,0.29864367832539074,0.30316758845908354,-0.009047820267385598
122842,2014-07-02,102.0,101.97,101.97,100.01,101.05,135,136211.0,0.0,,,-0.009313725490196106,101.58400000000003,101.55199999999992,101.36250000000004,101.19166666666668,101.46853685183798,101.23146845611494,0.2370683957230426,0.2899477499109929,-0.10575870837590062
122842,2014-07-07,101.05,102.2,102.2,102.2,102.2,1,1022.0,0.0,,,0.011380504700643302,101.57000000000002,101.6529999999999,101.42250000000004,101.23600000000003,101.58106964615857,101.30323209169958,0.2778375544589835,0.2875257108204617,-0.019376312722956368
122842,2014-07-08,102.2,100.2,101.5,100.2,101.5,636,644386.0,0.0,,,-0.006849315068493178,101.55000000000004,101.6549999999999,101.44800000000004,101.25733333333336,101.5685973926881,101.31781135948988,0.25078603319822435,0.2801777752957003,-0.05878348419495194
122842,2014-07-09,101.5,101.0,101.46,101.0,101.4,1047,1058808.0,0.0,,,-0.0009852216748767913,101.63000000000002,101.69499999999992,101.47300000000004,101.27100000000004,101.54265933189569,101.32390090254766,0.21875842934802847,0.26789390610574615,-0.09827095351543536
122842,2014-07-11,101.4,101.39,101.49,101.39,101.39,27,27376.0,0.0,,,-9.86193293886106e-05,101.508,101.63599999999992,101.49500000000002,101.28533333333336,101.51917328054455,101.32879824569619,0.19037503484835838,0.25239013185384473,-0.1240301940109727
122842,2014-07-16,101.39,101.1,101.79,101.1,101.1,785,793642.0,0.0,,,-0.002860242627478117,101.518,101.5509999999999,101.50000000000004,101.29000000000002,101.45468508286332,101.31184665807956,0.1428384247837613,0.23047979043934883,-0.17528273131117506
122842,2014-07-18,101.1,101.1,101.1,101.1,101.1,7000,7077000.0,0.0,,,0.0,101.29800000000002,101.4339999999999,101.49500000000002,101.29633333333337,101.40011814655536,101.29615125293624,0.10396689361911626,0.20517721107485953,-0.20242063491148654
122842,2014-07-21,101.1,101.1,102.0,101.1,101.53,16410,16590537.0,0.0,,,0.0042532146389713844,101.30400000000002,101.42699999999991,101.5015,101.32133333333336,101.42009997031184,101.31347651000503,0.1066234603068068,0.18546646092097308,-0.15768600122833254
122842,2014-07-23,101.53,101.45,101.48,100.68,101.48,3302,3349872.0,0.0,,,-0.0004924652811976476,101.32000000000002,101.47499999999987,101.5055,101.34900000000002,101.42931535955302,101.32581364553411,0.10350171401890407,0.1690735115403757,-0.13114359504294326
122842,2014-07-24,101.48,101.0,101.49,101.0,101.12,219,221283.0,0.0,,,-0.003547497043752458,101.26600000000003,101.3869999999999,101.4865,101.36100000000002,101.38172838090513,101.31056583037733,0.07116255052780218,0.14949131933768556,-0.15665753761976675
122842,2014-07-28,101.12,101.0,102.18,101.0,102.14,995,1005606.0,0.0,,,0.010087025316455656,101.47400000000002,101.49599999999992,101.524,101.40700000000001,101.49838555360273,101.37201420449418,0.12637134910855252,0.1448673252918258,-0.036991952366546565
122842,2014-07-30,102.14,101.2,102.19,101.2,101.5,448,453658.0,0.0,,,-0.006265909535931081,101.55400000000002,101.4259999999999,101.53949999999998,101.42366666666666,101.49863392997248,101.38149589193388,0.11713803803860401,0.13932146784114965,-0.04436685960509129
122842,2014-08-01,101.5,102.3,102.3,102.3,102.3,6,6138.0,0.0,,,0.00788177339901475,101.708,101.5059999999999,101.5805,101.46733333333334,101.62192101806941,101.44954159356139,0.1723794245080228,0.14593305917455462,0.05289273066693634
122842,2014-08-04,102.3,101.8,102.18,101.5,101.79,3123,3169873.0,0.0,,,-0.0049853372434016715,101.77,101.5449999999999,101.61999999999998,101.497,101.64777932305287,101.47476360408301,0.17301571896986445,0.15134959113363647,0.043332255672455966
122842,2014-08-05,101.79,101.55,101.95,101.55,101.95,1029,1047186.0,0.0,,,0.0015718636408291243,101.936,101.6009999999999,101.61849999999995,101.53033333333336,101.69427481192209,101.50997000854687,0.1843048033752126,0.15794063358197102,0.05272833958648315
122842,2014-08-06,101.95,101.65,101.65,101.65,101.65,29,29479.0,0.0,,,-0.002942618930848427,101.838,101.65599999999986,101.60349999999997,101.552,101.6874633023822,101.52034361226984,0.16711969011235794,0.1597764448880527,0.014686490448610479
122842,2014-08-08,101.65,101.65,101.65,101.65,101.65,1734,1762611.0,0.0,,,0.0,101.868,101.71099999999987,101.57249999999996,101.56700000000002,101.68169971739073,101.5299486565498,0.1517510608409225,0.15817136807862364,-0.012840614475402301
122842,2014-08-11,101.65,101.4,101.69,101.4,101.69,22095,22426426.0,0.0,,,0.00039350713231669495,101.74600000000001,101.72699999999986,101.57699999999996,101.57666666666668,101.6829766839478,101.54180530305395,0.1411713808938515,0.15477137064166407,-0.027199979495625137
122842,2014-08-13,101.69,101.65,101.8,101.5,101.8,3,3050.0,0.0,,,0.0010817189497492323,101.748,101.75899999999987,101.617,101.59000000000002,101.7009802710542,101.56093231705941,0.1400479539947952,0.15182668731228677,-0.02355746663498315
122842,2014-08-14,101.8,101.5,101.99,101.5,101.98,118,120125.0,0.0,,,0.0017681728880157839,101.754,101.84499999999987,101.616,101.60600000000002,101.74390638324302,101.59197659318993,0.1519297900530887,0.15184730786044717,0.0001649643852830729
122842,2014-08-15,101.98,101.33,101.99,101.33,101.99,2,2033.0,0.0,,,9.805844283183864e-05,101.82199999999996,101.82999999999987,101.66299999999998,101.62600000000002,101.78176693969948,101.62146176570481,0.16030517399467215,0.15353888108729347,0.013532585814757359
122842,2014-08-18,101.99,102.0,102.0,102.0,102.0,8160,8323200.0,0.0,,,9.804882831655179e-05,101.89199999999998,101.87999999999987,101.65299999999996,101.65300000000002,101.81534125669303,101.64950335840471,0.1658378982883164,0.15599868452749957,0.01967842752163368
122842,2014-08-19,102.0,101.55,102.03,101.55,102.01,2667,2720347.0,0.0,,,9.803921568632466e-05,101.956,101.85099999999987,101.67849999999996,101.67066666666668,101.84528875568164,101.67620833309846,0.16908042258317835,0.15861503213863662,0.020930780889083456
122842,2014-08-21,102.01,102.03,102.7,102.03,102.6,109,111466.0,0.0,,,0.005783746691500728,102.11599999999996,101.93199999999986,101.73849999999996,101.72400000000002,101.9613981779445,101.7446409514344,0.2167572265100972,0.1702434710129333,0.09302751099432782
122842,2014-08-22,102.6,101.8,102.46,101.8,102.44,214,217988.0,0.0,,,-0.0015594541910331052,102.20799999999996,101.98099999999987,101.79099999999997,101.73933333333336,102.03502922752372,101.79615154233501,0.23887768518871155,0.18397031384809326,0.10981474268123659
122842,2014-09-01,102.44,102.85,102.85,102.85,102.85,29,29827.0,0.0,,,0.004002342834830111,102.37999999999997,102.10099999999987,101.87849999999996,101.76933333333336,102.16040934641265,101.87421791781009,0.28619142860256375,0.20441453679899252,0.16355378360714246
122842,2014-09-03,102.85,101.6,102.4,101.6,102.1,48,48886.0,0.0,,,-0.007292173067574137,102.39999999999998,102.14599999999987,101.92849999999996,101.7636666666667,102.15111560080778,101.89094321611032,0.2601723846974693,0.21556610637869011,0.08921255663755834
122842,2014-09-04,102.1,101.8,101.8,101.8,101.8,1,1018.0,0.0,,,-0.0029382957884426754,102.35799999999998,102.15699999999987,101.94199999999998,101.77033333333335,102.0970978160538,101.88420642065745,0.2128913953963547,0.21503116418222296,-0.004279537571736491
122842,2014-09-05,101.8,102.48,102.48,102.48,102.48,1,1025.0,0.0,,,0.0066797642436149975,102.33399999999996,102.22499999999987,101.99199999999996,101.81966666666669,102.15600584436642,101.92834086115775,0.22766498320866901,0.2175579279875125,0.020214110442313027
122842,2014-09-15,102.48,102.38,102.84,102.38,102.4,121,123906.0,0.0,,,-0.0007806401249024032,102.32599999999996,102.26699999999991,102.05599999999995,101.83300000000004,102.1935434067787,101.96327973532686,0.23026367145183713,0.22009907668037768,0.020329189542918902
122842,2014-09-16,102.4,102.39,102.39,102.0,102.0,1101,1127185.0,0.0,,,-0.003906250000000056,102.15599999999998,102.26799999999987,102.04899999999996,101.8646666666667,102.16376749803874,101.96599983856541,0.1977676594733282,0.21563279323896742,-0.03573026753127845
122842,2014-09-17,102.0,102.38,102.97,102.38,102.97,50,51196.0,0.0,,,0.009509803921568616,102.32999999999996,102.36499999999991,102.12249999999996,101.89033333333336,102.2878032675881,102.04037233819017,0.24743092939793598,0.22199242047076156,0.05087701785434884
122842,2014-09-18,102.97,102.3,102.89,102.3,102.89,21,21489.0,0.0,,,-0.0007769253180537856,102.54799999999996,102.4529999999999,102.15199999999996,101.9366666666667,102.38044891873905,102.10330937956722,0.2771395391718272,0.23302184421097527,0.08823538992170388
122842,2014-09-22,102.89,102.8,102.8,102.1,102.79,250,255540.0,0.0,,,-0.0009719117504130072,102.60999999999996,102.47199999999992,102.20199999999996,101.98300000000002,102.44345677740071,102.1541765929882,0.2892801844125188,0.24427351225128444,0.09001334432246871
122842,2014-09-25,102.79,102.0,102.49,102.0,102.36,70,71471.0,0.0,,,-0.00418328631189811,102.60199999999998,102.4639999999999,102.22249999999998,102.01533333333336,102.43061727318415,102.16942311584849,0.261194157335666,0.24765764126816087,0.027073032135010222
122842,2014-09-26,102.36,102.64,102.64,102.64,102.64,1,1026.0,0.0,,,0.002735443532629945,102.72999999999998,102.44299999999993,102.27199999999998,102.06666666666668,102.46283000038883,102.20428139224684,0.258548608141993,0.24983583464292733,0.017425546998131314
122842,2014-09-29,102.64,102.42,102.52,102.42,102.52,335,343349.0,0.0,,,-0.0011691348402182828,102.63999999999996,102.48499999999993,102.31549999999996,102.11400000000003,102.4716253849449,102.2276684089167,0.2439569760282012,0.2486600629199821,-0.009406173783561789
122842,2014-09-30,102.52,102.62,102.94,102.0,102.5,102,104482.0,0.0,,,-0.00019508388607097167,102.56199999999995,102.55499999999992,102.35599999999997,102.14633333333336,102.47599071033821,102.24784148127581,0.22814922906239588,0.24455789614846477,-0.03281733417213778
122842,2014-10-08,102.5,102.11,102.4,102.1,102.35,190,194219.0,0.0,,,-0.001463414634146397,102.47399999999998,102.54199999999993,102.38349999999996,102.17533333333336,102.45660752413151,102.25540890466362,0.2011986194678883,0.23588604081234932,-0.06937484268892202
122842,2014-10-09,102.35,102.2,102.3,102.2,102.3,387,395701.0,0.0,,,-0.0004885197850512668,102.46199999999996,102.53199999999991,102.39949999999996,102.2146666666667,102.43251405887965,102.25871199956688,0.17380205931276294,0.22346924451243189,-0.0993343703993379
122842,2014-10-10,102.3,102.13,102.39,102.13,102.39,134,137035.0,0.0,,,0.0008797653958944615,102.41199999999996,102.57099999999993,102.41949999999996,102.22300000000004,102.42597343443641,102.26843717513701,0.1575362592994054,0.21028264746982647,-0.10549277634084214
122842,2014-10-14,102.39,102.5,102.69,102.5,102.69,117,119927.0,0.0,,,0.0029299736302373,102.44599999999996,102.54299999999992,102.45399999999998,102.2626666666667,102.46659290606262,102.29966446283348,0.16692844322913913,0.20161180662168895,-0.06936672678509964
122842,2014-10-16,102.69,102.65,102.94,102.65,102.88,540,554568.0,0.0,,,0.0018502288440938527,102.52199999999996,102.54199999999986,102.49749999999996,102.28200000000002,102.53019399743899,102.34265280527971,0.1875411921592729,0.19879768372920573,-0.02251298313986566
122842,2014-10-17,102.88,102.69,103.5,102.69,103.0,468,481994.0,0.0,,,0.0011664074650078206,102.65199999999996,102.5629999999999,102.51749999999996,102.32233333333336,102.60247184398816,102.39134574056472,0.21112610342343885,0.2012633676680524,0.01972547151077292
122842,2014-10-20,103.0,103.49,103.49,103.0,103.48,17,17520.0,0.0,,,0.00466019417475732,102.88799999999996,102.67499999999993,102.56949999999998,102.37333333333338,102.73747617568438,102.47198764097222,0.26548853471216205,0.21410840107687434,0.10276026727057541
122842,2014-10-21,103.48,103.0,104.0,103.0,103.12,17,17530.0,0.0,,,-0.0034789331271743275,103.03399999999996,102.72299999999987,102.58299999999996,102.42233333333336,102.79632599481063,102.51998902171007,0.2763369731005554,0.22655411548161059,0.0995657152378896
122842,2014-10-22,103.12,103.49,103.49,103.0,103.46,18218,18813232.0,0.0,,,0.003297129557796637,103.18799999999996,102.81699999999991,102.65099999999998,102.4826666666667,102.89842968791783,102.58962008945421,0.3088095984636112,0.24300521207801073,0.13160877277120098
122842,2014-10-24,103.46,103.0,103.59,103.0,103.59,2015,2082498.0,0.0,,,0.0012565242605838938,103.32999999999996,102.92599999999986,102.74049999999997,102.54600000000003,103.00482512054687,102.66372292082791,0.3411021997189607,0.2626246096062008,0.1569551802255198
122842,2014-10-27,103.59,102.9,103.5,102.9,103.5,3099,3206994.0,0.0,,,-0.0008688097306690164,103.42999999999998,103.04099999999991,102.79149999999996,102.60266666666668,103.08100587123258,102.72566984777113,0.3553360234614473,0.2811668923772502,0.1483382621683943
122842,2014-10-28,103.5,103.45,104.0,103.45,103.5,2801,2898190.0,0.0,,,0.0,103.43399999999995,103.1609999999999,102.84649999999996,102.65333333333336,103.14546650642801,102.78302804546162,0.36243846096638777,0.2974212060950777,0.1300345097426201
122842,2014-10-29,103.5,103.5,103.65,103.5,103.65,71,73487.0,0.0,,,0.0014492753623188955,103.53999999999996,103.28699999999986,102.92899999999996,102.7086666666667,103.22308704390106,102.84724861387745,0.37583843002360595,0.3131046508807834,0.12546755828564515
122842,2014-10-30,103.65,103.11,103.11,103.11,103.11,10,10311.0,0.0,,,-0.005209840810419742,103.46999999999996,103.32899999999987,102.936,102.74566666666672,103.20568903714697,102.86671179839594,0.3389772387510277,0.31827916845483223,0.04139614059239094
122842,2014-10-31,103.11,103.67,103.67,103.67,103.67,1,1037.0,0.0,,,0.005431093007467775,103.48599999999996,103.4079999999999,102.975,102.80100000000004,103.27712149297079,102.92621496466407,0.350906528306723,0.32480464042521034,0.05220377576302526
122842,2014-11-04,103.67,103.6,103.7,103.6,103.7,1660,1720317.0,0.0,,,0.0002893797627086056,103.52599999999997,103.47799999999992,103.0205,102.83766666666669,103.34217972482168,102.98353267483697,0.358647049984711,0.3315731223371105,0.05414785529520094
122842,2014-11-05,103.7,103.25,103.69,103.25,103.69,140,144828.0,0.0,,,-9.64320154291718e-05,103.56399999999994,103.49899999999992,103.087,102.87933333333336,103.39569053638772,103.03586384154872,0.35982669483900054,0.3372238368374885,0.04520571600302403
122842,2014-11-06,103.69,103.8,103.8,103.8,103.8,100,103800.0,0.0,,,0.001060854470054966,103.59399999999994,103.56699999999992,103.145,102.91100000000004,103.45789199232821,103.09246677407205,0.3654252182561635,0.34286411312122356,0.04512221026987984
122842,2014-11-10,103.8,103.21,103.8,103.21,103.8,16,16589.0,0.0,,,0.0,103.73199999999993,103.60099999999993,103.20900000000002,102.96766666666672,103.51052399350858,103.14487686052568,0.3656471329829003,0.34742071709355893,0.03645283177868275
122842,2014-11-12,103.8,103.8,104.19,103.8,104.19,974,1012892.0,0.0,,,0.003757225433526017,103.83599999999994,103.66099999999993,103.29350000000002,103.04733333333338,103.61505876373823,103.22229368735555,0.39276507638268754,0.35648958895138466,0.07255097486260575
122842,2014-11-20,104.19,103.69,103.73,103.69,103.72,1620,1680190.0,0.0,,,-0.0045109895383434,103.83999999999996,103.68299999999992,103.362,103.08866666666671,103.631203569317,103.25916095301746,0.37204261629953805,0.3596001944210154,0.02488484375704536
122842,2014-11-21,103.72,103.5,103.5,103.5,103.5,375,388125.0,0.0,,,-0.002121095256459688,103.80199999999996,103.68299999999992,103.42200000000001,103.12533333333336,103.61101840480667,103.27700094129419,0.33401746351248107,0.35448364823930856,-0.04093236945365497
122842,2014-11-24,103.5,103.6,103.6,103.6,103.6,3150,3263400.0,0.0,,,0.0009661835748791725,103.76199999999996,103.67799999999993,103.4825,103.1786666666667,103.60932326560565,103.30092687059997,0.30839639500568694,0.34526619759258426,-0.07373960517379463
122842,2014-11-25,103.6,103.41,103.51,103.41,103.51,121,125194.0,0.0,,,-0.0008687258687257645,103.70399999999998,103.71799999999992,103.5235,103.19666666666672,103.59404276320477,103.316413812889,0.2776289503157727,0.331738748137222,-0.10821959564289851
122842,2014-11-26,103.51,103.4,103.99,103.4,103.98,598,618897.0,0.0,,,0.004540624094290396,103.662,103.74899999999992,103.5785,103.23300000000003,103.65342079963486,103.3655684740325,0.2878523256023584,0.3229614636302493,-0.07021827605578179
122842,2014-11-28,103.98,103.95,103.95,103.95,103.95,317,329522.0,0.0,,,-0.0002885170225043387,103.708,103.77399999999993,103.626,103.27166666666672,103.69904836892184,103.40885980318326,0.29018856573857477,0.3164068840519144,-0.0524366366266793
122842,2014-12-03,103.95,103.5,103.5,103.5,103.5,133,137655.0,0.0,,,-0.004329004329004356,103.708,103.75499999999992,103.62700000000001,103.30966666666671,103.66842554293385,103.4156109440356,0.2528145988982402,0.3036884270211796,-0.10174765624587878
122842,2014-12-04,103.5,103.3,103.3,103.0,103.05,1594,1644990.0,0.0,,,-0.0043478260869565495,103.59799999999998,103.67999999999992,103.6235,103.3233333333334,103.5732831517132,103.38852859556674,0.18475455614645853,0.2799016528462354,-0.19029419339955378
122842,2014-12-05,103.05,102.3,103.34,102.2,103.34,1022,1045414.0,0.0,,,0.002814167879670124,103.564,103.6339999999999,103.61750000000002,103.35066666666671,103.53739343606502,103.38493387786248,0.15245955820253698,0.2544132339174957,-0.20390735142991745
122842,2014-12-09,103.34,98.25,102.97,98.25,102.97,4310,4267091.0,0.0,,,-0.0035804141668279907,103.36200000000001,103.5119999999999,103.5865,103.3663333333334,103.45010213820883,103.35419798026045,0.09590415794838236,0.22271141872367303,-0.25361452155058134
122842,2014-12-18,102.97,103.5,103.5,103.5,103.5,30,31050.0,0.0,,,0.00514713023210645,103.27199999999998,103.48999999999991,103.5865,103.40466666666671,103.45777873233055,103.36499814769952,0.09278058463102923,0.19672525190514428,-0.2078893345482301
122842,2014-12-23,103.5,103.4,103.4,99.6,99.6,2709,2792709.0,0.0,,,-0.03768115942028991,102.492,103.09999999999987,103.3915,103.31466666666672,102.86427431197187,103.08610896973488,-0.22183465776301148,0.11301326997151312,-0.6696958554690492
122842,2014-12-24,99.6,99.61,102.0,99.61,102.0,664,664660.0,0.0,,,0.02409638554216873,102.28199999999998,102.9399999999999,103.309,103.30166666666672,102.73130903320694,103.00565633959512,-0.2743473063881794,0.0355411546995746,-0.619776922175508
122842,2014-12-25,102.0,101.98,101.98,101.98,101.98,7000,7138600.0,0.0,,,-0.00019607843137251,102.00999999999996,102.78699999999986,103.25249999999998,103.27800000000003,102.61572302809816,102.92968169636077,-0.31395866826261454,-0.03435880989286325,-0.5591997167395025
122842,2014-12-30,101.98,101.39,101.4,101.39,101.4,310,314337.0,0.0,,,-0.005687389684251797,101.69599999999996,102.52899999999993,103.13899999999998,103.22866666666671,102.42868871608303,102.81637180358733,-0.3876830875042998,-0.1050236654151506,-0.5653188441782984
122842,2014-12-31,101.4,101.4,101.4,101.4,101.4,3,3042.0,0.0,,,0.0,101.27599999999997,102.27399999999993,103.024,103.17533333333338,102.2704289136087,102.71145525581866,-0.44102634220996606,-0.17222420077411374,-0.5376042828717047
122842,2015-01-05,101.4,101.35,101.58,101.31,101.33,4999,5070662.0,0.0,,,-0.0006903353057199942,101.62199999999996,102.0569999999999,102.906,103.10366666666671,102.12574754228427,102.60912513041775,-0.48337758813347875,-0.2344548782459868,-0.4978454197749839
122842,2015-01-06,101.33,101.5,102.0,101.49,101.49,480,487433.0,0.0,,,0.0015789993091877687,101.51999999999997,101.90099999999993,102.79049999999998,103.04933333333338,102.02794022808669,102.52622689276006,-0.49828666467337257,-0.287221235531464,-0.42213085828381713
122842,2015-01-07,101.49,101.58,101.58,101.57,101.57,1224,1243335.0,0.0,,,0.0007882550004926426,101.43799999999996,101.7239999999999,102.67899999999996,102.98633333333338,101.9574878853041,102.45539520790166,-0.49790732259755544,-0.3293584529446823,-0.33709773930574627
122842,2015-01-08,101.57,101.5,101.5,101.42,101.49,1034,1049299.0,0.0,,,-0.0007876341439401231,101.45599999999996,101.57599999999987,102.54399999999997,102.91633333333336,101.88556667218039,102.38388439270693,-0.49831772052654344,-0.36315030646105456,-0.27033482813097776
122842,2015-01-09,101.49,101.49,101.5,100.96,100.96,158,160306.0,0.0,,,-0.00522218937826388,101.36799999999998,101.32199999999986,102.40599999999998,102.83166666666669,101.74317179953724,102.27841139408055,-0.535239594543313,-0.39756816407750634,-0.2753428609316134
122842,2015-01-12,100.96,100.5,101.44,100.5,101.44,12,12070.0,0.0,,,0.004754358161648218,101.39,101.50599999999987,102.30299999999997,102.76300000000003,101.6965299842238,102.21630680240126,-0.519776818177462,-0.4220098948974975,-0.195533846559929
122842,2015-01-13,101.44,101.3,101.4,101.3,101.31,214,216796.0,0.0,,,-0.0012815457413248765,101.354,101.4369999999999,102.18849999999998,102.68500000000004,101.63706383280474,102.1491729211768,-0.5121090883720569,-0.4400297335924094,-0.1441587095592951
122842,2015-01-14,101.31,101.4,101.4,101.4,101.4,255,258570.0,0.0,,,0.0008883624518804008,101.32,101.3789999999999,102.08299999999998,102.62800000000004,101.6005924739117,102.09367859703477,-0.49308612312306366,-0.4506410114985403,-0.08489022324904671
122842,2015-01-15,101.4,101.36,101.39,101.36,101.39,217,219954.0,0.0,,,-9.86193293886106e-05,101.3,101.37799999999993,101.9535,102.55200000000004,101.56819363177145,102.04155422721834,-0.47336059544689135,-0.4551849282882106,-0.03635133431736148
122842,2015-01-16,101.39,101.47,101.47,101.47,101.47,55,55809.0,0.0,,,0.0007890324489594466,101.40200000000002,101.3849999999999,101.82949999999997,102.47766666666668,101.55308691919123,101.99921685502181,-0.4461299358305837,-0.4533739297966853,0.014487987932203183
122842,2015-01-19,101.47,101.96,101.96,101.96,101.96,158,161097.0,0.0,,,0.004829013501527495,101.506,101.44799999999991,101.75249999999996,102.42000000000004,101.61568893162335,101.99631190139824,-0.3806229697748904,-0.4388237377923263,0.1164015360348718
122842,2015-01-21,101.96,101.5,102.0,101.5,101.98,468,477026.0,0.0,,,0.000196155355041293,101.64,101.49699999999987,101.69899999999996,102.35933333333335,101.6717367882967,101.9951036118667,-0.323366823569998,-0.4157323549478606,0.18473106275572515
122842,2015-01-23,101.98,101.7,101.7,101.69,101.69,69,70172.0,0.0,,,-0.0028436948421259683,101.698,101.5089999999999,101.61649999999996,102.28900000000002,101.67454651317414,101.97250333498468,-0.29795682181054417,-0.39217724832039735,0.18844085301970637
122842,2015-01-28,101.69,101.0,101.1,100.9,101.1,369,372759.0,0.0,,,-0.005801947094109582,101.64,101.46999999999987,101.52299999999997,102.186,101.58615474191657,101.90787343359777,-0.32171869168119827,-0.3780855369925576,0.11273369062271865
122842,2015-01-29,101.1,101.1,101.1,101.1,101.1,254,256794.0,0.0,,,0.0,101.566,101.48399999999987,101.40299999999998,102.09866666666667,101.51136170469864,101.84803093584038,-0.33666923114174097,-0.36980227582239433,0.06626608936130673
122842,2015-01-30,101.1,100.8,101.1,100.8,101.1,23,23250.0,0.0,,,0.0,101.39400000000002,101.44999999999986,101.47799999999998,102.01866666666668,101.44807528859117,101.7926212187183,-0.34454593012712564,-0.36475100668334065,0.040410153112430014
122842,2015-02-02,101.1,100.56,101.17,100.56,101.17,2,2017.0,0.0,,,0.0006923837784372643,101.232,101.43599999999986,101.43649999999998,101.93766666666669,101.40529447496175,101.74650111443869,-0.34120663947693686,-0.3600421332420599,0.037670987530246114
122842,2015-02-03,101.17,100.19,100.99,100.16,100.99,111,111460.0,0.0,,,-0.0017791835524365606,101.092,101.39499999999987,101.38699999999996,101.85366666666668,101.34140301727533,101.69046397909558,-0.3490609618202569,-0.35784589895769936,0.017569874274884878
122842,2015-02-04,100.99,100.5,100.5,100.5,100.5,1,1005.0,0.0,,,-0.0048519655411426365,100.972,101.3059999999999,101.34199999999996,101.73766666666668,101.21195639923296,101.60228143916919,-0.39032503993622925,-0.3643417271534054,-0.051966625565647684
122842,2015-02-05,100.5,100.99,100.99,100.99,100.99,41,41406.0,0.0,,,0.004875621890547213,100.95,101.25799999999987,101.32149999999994,101.639,101.17780926088942,101.55692724755762,-0.37911798666820573,-0.3672969790563655,-0.02364201522368048
122842,2015-02-06,100.99,100.26,101.09,100.26,101.09,11,11112.0,0.0,,,0.0009901970492128779,100.948,101.17099999999986,101.30949999999996,101.55866666666668,101.16430014382951,101.52234003631534,-0.35803989248583434,-0.3654455617422593,0.014811338512849881
122842,2015-02-09,101.09,101.0,101.15,101.0,101.05,578,583868.0,0.0,,,-0.0003956870115739069,100.924,101.07799999999986,101.28749999999997,101.492,101.14671550631728,101.48735187824664,-0.3406363719293637,-0.3604837237796802,0.039694703700632994
122842,2015-02-11,101.05,101.2,101.2,101.2,101.2,78,78936.0,0.0,,,0.001484413656605697,100.96599999999998,101.02899999999985,101.26899999999998,101.42066666666666,101.15491312073,101.46606654985916,-0.31115342912916333,-0.35061766484957685,0.07892847144082704
122842,2015-02-12,101.2,101.5,101.5,101.5,101.5,4,4060.0,0.0,,,0.002964426877470328,101.16599999999998,101.06899999999986,101.26949999999997,101.37166666666668,101.20800340984847,101.46858013920384,-0.260576729355364,-0.3326094777507343,0.14406549679074054
122842,2015-02-13,101.5,101.48,101.5,101.48,101.49,251,254721.0,0.0,,,-9.852216748773515e-05,101.266,101.10799999999985,101.29599999999996,101.30466666666666,101.25138750064102,101.47016679581941,-0.21877929517839334,-0.3098434412362661,0.18212829211574555
122842,2015-02-16,101.49,101.7,101.7,101.7,101.7,142,144414.0,0.0,,,0.0020691693762933095,101.388,101.16799999999985,101.30899999999994,101.37466666666666,101.32040480823471,101.4871914801966,-0.16678667196188712,-0.2812320873813903,0.2288908308390064
122842,2015-02-17,101.7,101.7,101.7,101.0,101.0,511,519680.0,0.0,,,-0.006882989183874168,101.378,101.15099999999985,101.29349999999997,101.34133333333332,101.271111760814,101.45110321732855,-0.17999145651455706,-0.2609839612080237,0.16198500938693328
122842,2015-02-25,101.0,101.39,101.39,101.39,101.39,333,337629.0,0.0,,,0.003861386138613867,101.416,101.19099999999985,101.29299999999995,101.32166666666666,101.28940225915031,101.44657705249257,-0.15717479334226425,-0.2402221276348718,0.1660946685852151
122842,2015-02-27,101.39,101.8,101.8,101.8,101.8,285,290130.0,0.0,,,0.0040437913009172145,101.476,101.32099999999984,101.31349999999996,101.335,101.36795575774256,101.47275653324249,-0.10480077549992473,-0.2131378572078824,0.21667416341591533
122842,2015-03-02,101.8,101.5,101.55,101.5,101.55,51,51766.0,0.0,,,-0.002455795677799607,101.488,101.37699999999985,101.31749999999994,101.34,101.3959625642437,101.47847827215965,-0.08251570791594531,-0.18701342734949497,0.20899543886709931
122842,2015-03-03,101.55,101.36,101.36,101.36,101.36,10,10136.0,0.0,,,-0.0018709995076316864,101.42,101.40399999999985,101.28749999999994,101.34100000000001,101.39042986205236,101.46970210294424,-0.079272240891882,-0.1654651900579724,0.17238589833218076
122842,2015-03-04,101.36,101.36,101.36,101.36,101.36,500,506800.0,0.0,,,0.0,101.492,101.43499999999985,101.25649999999992,101.33666666666667,101.38574834481354,101.46157602046682,-0.07582767565328652,-0.14753768717703522,0.1434200230474974
122842,2015-03-05,101.36,101.5,101.5,101.38,101.38,2707,2747357.0,0.0,,,0.00019731649565899785,101.48999999999998,101.4529999999998,101.24099999999994,101.33033333333334,101.384863984073,101.45553335174853,-0.070669367675535,-0.13216402327673518,0.12298931120240036
122842,2015-03-06,101.38,101.38,101.38,101.31,101.31,514,520827.0,0.0,,,-0.0006904714933911343,101.39200000000001,101.43399999999978,101.25149999999994,101.32433333333334,101.37334644806177,101.44475310258616,-0.07140665452439521,-0.12001254952626718,0.09721179000374394
122842,2015-03-09,101.31,101.32,101.32,101.32,101.32,11,11145.0,0.0,,,9.870693909772879e-05,101.346,101.41699999999979,101.26249999999996,101.33633333333336,101.3651393022061,101.43551213132203,-0.07037282911592513,-0.11008460544419878,0.0794235526565473
122842,2015-03-10,101.32,102.33,102.33,102.33,102.33,23,23536.0,0.0,,,0.009968416896960177,101.54,101.47999999999979,101.32399999999996,101.366,101.51357940955901,101.50177049662668,0.01180891293233799,-0.08570590176889142,0.19502962940245883
122842,2015-03-11,102.33,101.8,101.8,101.8,101.8,821,835778.0,0.0,,,-0.005179321802013106,101.62799999999996,101.55999999999979,101.35549999999996,101.38233333333336,101.55764411578069,101.52386157238978,0.03378254339091313,-0.06180821273693051,0.1911815122556873
122842,2015-03-24,101.8,102.3,102.3,102.3,102.3,1700,1739100.0,0.0,,,0.004911591355599214,101.81199999999995,101.6509999999998,101.42099999999996,101.41233333333336,101.67185271335289,101.58135331123627,0.09049940211662033,-0.031346689766220334,0.24369218376568133
122842,2015-03-25,102.3,100.28,102.17,100.28,102.17,201,202313.0,0.0,,,-0.0012707722385141295,101.98399999999997,101.68799999999979,101.50449999999996,101.43833333333336,101.74849075745243,101.6249567720986,0.12353398535383064,-0.00037055474221012755,0.24780908019208153
122842,2015-03-26,102.17,101.29,101.29,101.29,101.29,15,15194.0,0.0,,,-0.008613095820690959,101.97799999999997,101.6619999999998,101.51949999999997,101.43233333333336,101.67795371784435,101.6001451580674,0.07780855977694046,0.015265268161619994,0.12508658323064092
122842,2015-03-30,101.29,101.86,102.3,101.05,101.8,6006,6106610.0,0.0,,,0.005035047882318007,101.87199999999996,101.70599999999979,101.55499999999996,101.42700000000004,101.69673006894521,101.61494922114167,0.08178084780354311,0.02856838409000462,0.10642492742707699
122842,2015-03-31,101.8,102.05,102.05,102.05,102.05,24,24492.0,0.0,,,0.002455795677799607,101.92199999999997,101.77499999999979,101.60499999999996,101.4293333333334,101.75107928910748,101.64717520618963,0.10390408291785036,0.043635523855573774,0.12053711812455317
122842,2015-04-15,102.05,100.07,101.0,100.07,101.0,2,2011.0,0.0,,,-0.010289073983341472,101.66199999999998,101.73699999999977,101.59499999999996,101.40633333333338,101.63552862924479,101.59923630005937,0.036292329185414474,0.04216688492154192,-0.011749111472254894
122842,2015-04-16,101.0,101.0,101.0,101.0,101.0,5,5050.0,0.0,,,0.0,101.42799999999998,101.70599999999978,101.56999999999998,101.40300000000003,101.53775499397636,101.55484842429361,-0.01709343031724586,0.030314821873784363,-0.09481650438206045
122842,2015-04-21,101.0,100.6,100.6,100.6,100.6,3500,3521000.0,0.0,,,-0.003960396039604017,101.28999999999998,101.63399999999977,101.52549999999998,101.38633333333338,101.39348499490308,101.48411890889352,-0.09063391399044463,0.006125074700938559,-0.19351797738276638
122842,2015-04-22,100.6,101.9,101.91,101.9,101.9,38,38724.0,0.0,,,0.012922465208747628,101.30999999999996,101.59099999999977,101.53549999999996,101.41300000000004,101.47141038030259,101.51492491664611,-0.043514536343522536,-0.0038028475079536625,-0.07942337767113775
122842,2015-04-24,101.9,101.9,101.9,101.7,101.7,701,714317.0,0.0,,,-0.0019627085377821674,101.23999999999998,101.58099999999978,101.57049999999997,101.43066666666672,101.5065780141022,101.52863418249342,-0.022056168391216602,-0.007453511684606252,-0.029205313413220697
122842,2015-04-27,101.7,101.0,101.0,101.0,101.0,5,5050.0,0.0,,,-0.006882989183874168,101.23999999999997,101.45099999999977,101.55099999999996,101.43100000000004,101.42864293500956,101.48947609380723,-0.0608331587976636,-0.018129441107217727,-0.08540743538089174
122842,2015-05-08,101.0,102.29,102.3,102.29,102.3,50,51147.0,0.0,,,0.012871287128712845,101.49999999999996,101.46399999999977,101.57599999999996,101.49100000000006,101.56269786808501,101.54951490322661,0.013182964858401647,-0.01186695991409385,0.050099849544991
122842,2015-05-11,102.3,102.3,102.3,101.9,102.3,7600,7754800.0,0.0,,,0.0,101.83999999999996,101.56499999999978,101.61349999999996,101.53466666666674,101.6761289653027,101.60510639320815,0.07102257209454876,0.004710946487634676,0.13262325121382817
122842,2015-05-12,102.3,102.25,102.25,101.9,102.2,3081,3139821.0,0.0,,,-0.0009775171065493089,101.89999999999996,101.60499999999979,101.65549999999998,101.57166666666672,101.75672450910228,101.64917258728123,0.10755192182105588,0.025279141554318926,0.1645455605334739
122842,2015-05-14,102.2,102.2,102.2,102.2,102.2,97,99134.0,0.0,,,0.0,101.99999999999996,101.61999999999979,101.69749999999998,101.61000000000006,101.82492073847118,101.68997461869094,0.1349461197802384,0.04721253719950283,0.17546716516147115
122842,2015-05-19,102.2,102.2,102.26,102.2,102.26,8078,8255755.0,0.0,,,0.0005870841487280068,102.25199999999998,101.7459999999998,101.74149999999996,101.6453333333334,101.8918560094756,101.73219872181305,0.15965728766255438,0.06970148729211316,0.17991160074088244
122842,2015-05-20,102.26,102.2,102.2,102.1,102.1,163,166431.0,0.0,,,-0.0015646391550949619,102.21199999999996,101.8559999999998,101.78099999999998,101.6653333333334,101.92387816186397,101.75944326141769,0.16443490044628106,0.08864816992294675,0.15157346104666863
122842,2015-05-21,102.1,102.09,102.09,102.09,102.09,78,79630.0,0.0,,,-9.794319294800104e-05,102.16999999999996,102.0049999999998,101.81949999999998,101.6853333333334,101.94943536773106,101.7839289461563,0.16550642157476148,0.1040198202533097,0.12297320264290354
122842,2015-05-22,102.09,102.1,102.3,102.1,102.3,5097,5209189.0,0.0,,,0.0020570085218923864,102.18999999999996,102.04499999999979,101.81799999999998,101.7053333333334,102.00336838808012,101.82215643220326,0.18121195587686145,0.11945824737802009,0.12350741699768272
122842,2015-05-26,102.3,102.1,102.1,102.1,102.1,55,56155.0,0.0,,,-0.001955034213098757,102.16999999999996,102.0849999999998,101.83299999999998,101.74200000000008,102.01823478991396,101.84273743751291,0.17549735240105235,0.13066606838262657,0.08966256803685158
122842,2015-05-28,102.1,102.1,102.1,102.1,102.1,20,20420.0,0.0,,,0.0,102.13799999999996,102.1949999999998,101.823,101.76566666666677,102.03081405300414,101.86179392386968,0.1690201291344522,0.1383368805329917,0.06136649720292098
122842,2015-06-01,102.1,102.15,102.19,102.15,102.19,7020,7170938.0,0.0,,,0.0008814887365328443,102.15599999999998,102.18399999999978,101.82399999999998,101.77866666666678,102.05530419869582,101.88610548535586,0.1691987133399664,0.14450924709438664,0.04937893249115949
122842,2015-06-02,102.19,102.1,102.1,102.1,102.1,50,51050.0,0.0,,,-0.0008807123984734652,102.15799999999996,102.16399999999979,101.86449999999998,101.79700000000008,102.06218047581955,101.90194952365344,0.16023095216610272,0.14765358810872986,0.025154728114745728
122842,2015-06-04,102.1,102.1,102.1,102.1,102.1,5,5105.0,0.0,,,0.0,102.11799999999997,102.15399999999977,101.87949999999998,101.82166666666672,102.067998864155,101.91661992945946,0.15137893469554342,0.14839865742609257,0.005960554538901708
122842,2015-06-05,102.1,102.1,102.1,102.1,102.1,1811,1849031.0,0.0,,,0.0,102.11799999999997,102.14399999999978,101.88199999999998,101.84633333333339,102.07292211582347,101.93020363851758,0.14271847730589116,0.1472626214020523,-0.00908828819232227
122842,2015-06-10,102.1,102.0,102.1,102.0,102.1,663,676380.0,0.0,,,0.0,102.11799999999997,102.12799999999973,101.93699999999998,101.87033333333338,102.07708794415834,101.94278114688632,0.13430679727201777,0.14467145657604538,-0.020729318608055214
122842,2015-06-15,102.1,102.0,102.1,102.0,102.1,2139,2183722.0,0.0,,,0.0,102.09999999999997,102.12799999999972,101.992,101.89666666666672,102.08061287582629,101.95442698795269,0.12618588787360352,0.14097434283555701,-0.02957690992390699
122842,2015-06-16,102.1,102.08,102.08,102.08,102.08,1781,1818045.0,0.0,,,-0.00019588638589614128,102.09599999999996,102.12699999999974,102.066,101.92200000000004,102.08051858723763,101.96372869261903,0.11678989461860567,0.13613745319216675,-0.03869511714712215
122842,2015-06-26,102.08,101.3,101.3,101.3,101.3,1343,1360459.0,0.0,,,-0.007641065830721014,101.93599999999996,102.02699999999977,102.036,101.88766666666672,101.96043880458568,101.9145636039331,0.04587520065257422,0.11808500268424824,-0.14441960406334803
122842,2015-06-30,101.3,101.3,101.3,101.3,101.3,50,50650.0,0.0,,,0.0,101.77599999999993,101.94699999999978,102.016,101.87100000000004,101.85883283464942,101.86904037371741,-0.010207539067991434,0.0924264943338003,-0.20526806680358348
122842,2015-07-03,101.3,101.3,102.07,101.3,102.07,2203,2247177.0,0.0,,,0.007601184600197394,101.76999999999992,101.94399999999978,102.0695,101.8633333333334,101.8913200908572,101.88392627204979,0.007393818807415187,0.07541995922852329,-0.1360522808422162
122842,2015-07-06,102.07,102.28,102.28,102.28,102.28,20,20456.0,0.0,,,0.002057411580288116,101.8059999999999,101.95299999999978,102.0685,101.86700000000003,101.95111699995608,101.91326506687561,0.037851933080474964,0.06790635399891363,-0.06010884183687734
122842,2015-07-07,102.28,102.28,102.36,102.28,102.36,36052,36882002.0,0.0,,,0.0007821666014860999,101.86199999999992,101.97899999999971,102.0715,101.90266666666672,102.01402207688592,101.94635654357342,0.06766553331250691,0.06785818986163229,-0.00038531309825076687
122842,2015-07-08,102.36,101.7,102.36,101.7,102.36,12214,12498263.0,0.0,,,0.0,102.0739999999999,102.00499999999974,102.0795,101.9213333333334,102.06724944967272,101.97699679975081,0.09025264992190785,0.07233708187368741,0.03583113609644087
122842,2015-07-14,102.36,102.4,102.5,102.4,102.5,5000,5121125.0,0.0,,,0.0013677217663149725,102.31399999999987,102.04499999999977,102.0945,101.93633333333338,102.13382645741538,102.01573777771775,0.11808867969763526,0.08148740143847699,0.07320255651831653
122842,2015-07-16,102.5,102.3,102.6,102.3,102.6,1213,1243899.0,0.0,,,0.0009756097560975057,102.41999999999986,102.09499999999973,102.1115,101.98966666666672,102.20554546396687,102.05901646102632,0.1465290029405537,0.09449572173889234,0.10406656240332274
122842,2015-07-22,102.6,102.6,102.6,102.6,102.6,323,331398.0,0.0,,,0.0,102.48399999999991,102.14499999999973,102.13650000000004,102.04300000000003,102.26623077720274,102.09908931591647,0.1671414612862634,0.10902486964836657,0.11623318327579366
122842,2015-08-03,102.6,103.3,103.3,103.28,103.3,941,972050.0,0.0,,,0.0068226120857700105,102.67199999999987,102.26699999999973,102.19700000000003,102.13300000000004,102.42527219609462,102.18804566319677,0.23722653289785,0.13466520229826326,0.2051226611991735
122842,2015-08-04,103.3,102.8,102.8,102.8,102.8,100,102800.0,0.0,,,-0.00484027105517909,102.75999999999986,102.41699999999977,102.22200000000004,102.16300000000004,102.48292262746467,102.23337561421789,0.24954701324678297,0.1576415644879672,0.18381089751763152
122842,2015-08-13,102.8,102.8,102.8,102.8,102.8,8000,8224000.0,0.0,,,0.0,102.81999999999987,102.56699999999977,102.25700000000003,102.19966666666672,102.53170376170088,102.27534779106836,0.25635597063252646,0.17738444571687909,0.15794304983129476
122842,2015-08-14,102.8,102.9,102.9,102.9,102.9,1343,1381947.0,0.0,,,0.0009727626459144797,102.87999999999985,102.64999999999979,102.29700000000004,102.26300000000008,102.58836472143919,102.32161832519178,0.26674639624741303,0.1952568358229859,0.14297912084885428
122842,2015-08-20,102.9,103.3,103.4,103.3,103.4,800,826900.0,0.0,,,0.004859086491739553,103.03999999999985,102.76199999999979,102.35750000000004,102.29966666666674,102.71323168737162,102.40149844945701,0.31173323791460916,0.21855211624131055,0.18636224334659723
122842,2015-08-21,103.4,102.8,102.8,102.8,102.8,7500,7710000.0,0.0,,,-0.005802707930367587,102.93999999999987,102.80599999999978,102.39250000000007,102.3163333333334,102.72658065854522,102.43101708290084,0.29556357564437974,0.2339544081219244,0.1232183350449107
122842,2015-08-27,102.8,102.2,102.9,102.2,102.9,1101,1129239.0,0.0,,,0.0009727626459144797,102.95999999999985,102.85999999999979,102.43250000000008,102.33966666666673,102.75326055723056,102.46575655831809,0.28750399891247014,0.24466432628003357,0.08567934526487314
122842,2015-08-31,102.9,103.39,103.4,103.39,103.4,1000,1033999.0,0.0,,,0.004859086491739553,103.07999999999987,102.9499999999998,102.49750000000007,102.37966666666678,102.85275893304124,102.5349597763617,0.3177991566795413,0.25929129235993514,0.11701572863921228
122842,2015-09-01,103.4,103.4,103.4,97.5,103.4,2818,2907555.0,0.0,,,0.0,103.17999999999986,103.02999999999984,102.56250000000007,102.41766666666678,102.93694986641952,102.59903683008564,0.33791303633388736,0.2750156411547256,0.12579479035832353
122842,2015-09-07,103.4,102.22,103.4,102.22,103.4,4500,4601079.0,0.0,,,0.0,103.17999999999986,103.10999999999987,102.6275000000001,102.46100000000007,103.00818834850882,102.6583674353683,0.349820913140519,0.28997669555188427,0.11968843517726946
122842,2015-09-09,103.4,102.6,102.6,102.6,102.6,4000,4104000.0,0.0,,,-0.007736943907156782,103.13999999999987,103.03999999999985,102.6535000000001,102.47800000000008,102.94539014104593,102.6540439216303,0.29134621941562955,0.29025060032463335,0.0021912381819924054
122842,2015-09-10,102.6,102.22,102.22,102.22,102.22,5000,5111000.0,0.0,,,-0.00370370370370366,103.00399999999986,102.98199999999987,102.69950000000007,102.4753333333334,102.8337916578081,102.62189251997984,0.21189913782826864,0.2745803078253604,-0.12536233999418356
122842,2015-09-15,102.22,103.4,103.4,103.29,103.3,4931,5094338.0,0.0,,,0.010565447074936394,102.98399999999987,103.03199999999985,102.79950000000008,102.51533333333342,102.90551601814532,102.67212270375481,0.23339331439051136,0.2663429091383906,-0.06589918949575846
122842,2015-09-16,103.3,103.0,103.0,103.0,103.0,5000,5150000.0,0.0,,,-0.002904162633107427,102.90399999999987,103.04199999999985,102.84600000000007,102.54533333333342,102.92005201535375,102.6964099109153,0.22364210443844001,0.2578027481984005,-0.06832128751992095
122842,2015-09-17,103.0,103.3,103.3,103.3,103.3,3099,3201267.0,0.0,,,0.002912621359223273,102.88399999999987,103.03199999999985,102.89700000000008,102.58233333333341,102.97850555145317,102.74112028793779,0.23738526351537814,0.253719251261796,-0.03266797549283573
122842,2015-09-18,103.3,103.3,103.35,103.3,103.35,8000,8265000.0,0.0,,,0.00048402710551788153,103.03399999999986,103.08699999999985,102.94650000000006,102.62400000000008,103.0356585435373,102.78622248888101,0.24943605465628593,0.252862611940694,-0.006853114568816099
122842,2015-09-21,103.35,103.3,103.3,103.3,103.3,1869,1930677.0,0.0,,,-0.00048379293662309785,103.24999999999987,103.1269999999998,102.99350000000008,102.66400000000007,103.07632645991616,102.82428008233609,0.2520463775800721,0.2526993650685696,-0.001305974976995028
122842,2015-09-23,103.3,103.3,103.3,103.3,103.3,32,33056.0,0.0,,,0.0,103.24999999999987,103.11699999999979,103.03350000000007,102.70400000000014,103.11073777377521,102.85951859478894,0.25121917898627544,0.2524033278521108,-0.0023682977316706877
122842,2015-09-24,103.3,103.3,103.3,103.3,103.3,100,103300.0,0.0,,,0.0,103.30999999999986,103.10699999999979,103.06850000000007,102.74400000000013,103.13985503934825,102.89214684705534,0.24770819229290453,0.25146430074026954,-0.007512216894730028
122842,2015-09-25,103.3,103.25,103.25,103.25,103.25,4000,4130000.0,0.0,,,-0.00048402710551788153,103.29999999999987,103.09199999999979,103.10100000000007,102.78233333333344,103.15680041791005,102.91865448803568,0.23814592987436356,0.24880062656708835,-0.02130939338544957
122842,2015-10-14,103.25,103.0,103.0,103.0,103.0,1302,1341060.0,0.0,,,-0.0024213075060532693,103.22999999999986,103.13199999999979,103.08600000000007,102.81300000000013,103.13267727669312,102.92468008151904,0.2079971951740731,0.2406399402884853,-0.06528549022882435
122842,2015-10-15,103.0,103.0,103.0,103.0,103.0,215,221450.0,0.0,,,0.0,103.16999999999986,103.2099999999998,103.09600000000007,102.86966666666677,103.1122653879711,102.93025933474374,0.18200605322736862,0.22891316287626198,-0.09381421929778672
122842,2015-10-20,103.0,103.0,103.0,103.0,103.0,1700,1751000.0,0.0,,,0.0,103.10999999999987,103.1799999999998,103.10600000000008,102.92633333333343,103.0949937898217,102.93542530995123,0.1595684798704724,0.21504422627510408,-0.11095149280926336
122842,2015-10-26,103.0,103.1,103.1,103.1,103.1,1783,1838273.0,0.0,,,0.0009708737864077118,103.06999999999991,103.18999999999978,103.11600000000006,102.96066666666677,103.09576397600297,102.94761602773987,0.14814794826310163,0.2016649706727036,-0.10703404481920392
122842,2015-11-04,103.1,102.8,102.8,102.8,102.8,4500,4626000.0,0.0,,,-0.002909796314257975,102.97999999999986,103.13999999999979,103.08600000000006,102.9780000000001,103.05026182584866,102.93668150716051,0.11358031868815033,0.18404804027579297,-0.14093544317528528
122842,2015-11-06,102.8,103.0,103.0,103.0,103.0,7917,8154510.0,0.0,,,0.0019455252918288216,102.97999999999986,103.10499999999979,103.09600000000003,102.99933333333341,103.04252923725656,102.94137176589176,0.10115747136480024,0.16746992649359443,-0.13262491025758838
122842,2015-11-19,103.0,102.8,102.8,102.8,102.8,10,10280.0,0.0,,,-0.001941747572815561,102.93999999999987,103.0549999999998,103.09100000000004,103.0140000000001,103.0052170469094,102.93089978322814,0.07431726368125169,0.14883939393112589,-0.1490442604997484
122842,2015-11-23,102.8,102.7,102.7,102.7,102.7,2020,2074540.0,0.0,,,-0.0009727626459143416,102.87999999999987,102.99499999999979,103.05600000000004,103.02066666666677,102.95826057815411,102.91379609557413,0.0444644825799827,0.12796441166089725,-0.1669998581618291
122842,2015-11-25,102.7,102.7,102.7,102.7,102.7,10000,10270000.0,0.0,,,0.0,102.79999999999987,102.93499999999979,103.02100000000004,103.02400000000007,102.91852818151503,102.89795934774742,0.020568833767612205,0.10648529608224024,-0.17183292462925606
122842,2015-11-30,102.7,102.7,102.7,102.7,102.7,30,30810.0,0.0,,,0.0,102.7799999999999,102.8799999999998,102.98600000000002,103.02733333333342,102.88490846128195,102.88329569235322,0.001612768928737296,0.08551079065153964,-0.1677960434456047
122842,2015-12-02,102.7,103.3,103.3,103.3,103.3,23,23759.0,0.0,,,0.005842259006815913,102.83999999999986,102.90999999999978,103.02100000000004,103.02733333333342,102.9487686980078,102.91416267811556,0.03460601989223733,0.07532983649967918,-0.08144763321488371
122842,2015-12-03,103.3,103.0,103.0,102.7,102.7,5924,6100448.0,0.0,,,-0.005808325266214854,102.81999999999992,102.8799999999998,103.04500000000004,103.02400000000007,102.91049659062199,102.89829877602783,0.012197814594159695,0.06270343211857529,-0.1010112350488312
122842,2015-12-14,102.7,102.0,102.6,102.0,102.6,2,2046.0,0.0,,,-0.0009737098344694113,102.79999999999993,102.83999999999979,103.01000000000002,103.0173333333334,102.86272788437246,102.87620257038955,-0.013474686017090676,0.047467808491442096,-0.12188498901706554
122842,2015-12-21,102.6,102.5,102.6,102.5,102.56,60,61530.0,0.0,,,-0.0003898635477582071,102.77199999999986,102.78599999999979,102.988,103.00600000000006,102.81615436369977,102.85278015776164,-0.036625794061876604,0.030649087980778356,-0.13454976408530991
122842,2015-12-22,102.56,102.95,102.95,102.95,102.95,30000,30885000.0,0.0,,,0.003802652106084249,102.82199999999986,102.8009999999998,102.9705,102.99100000000004,102.83674600005365,102.85998162755892,-0.023235627505272305,0.019872144883568223,-0.08621554477768106
122842,2015-12-28,102.95,103.2,103.2,103.2,103.2,1250,1290000.0,0.0,,,0.002428363283147159,102.80199999999992,102.82099999999984,102.963,103.00433333333336,102.89263123081464,102.88516817367164,0.007463057142999219,0.017390327335454422,-0.019854540384910406
122842,2016-01-05,103.2,102.5,102.71,102.5,102.7,1058,1086524.0,0.0,,,-0.004844961240310078,102.80199999999992,102.81099999999985,102.93299999999996,102.99766666666667,102.86299565684318,102.87145201265594,-0.008456355812754168,0.012220990705812703,-0.04135469303713374
122842,2016-01-06,72.7,102.7,102.7,102.7,102.7,20,20540.0,0.0,,,0.4126547455295736,102.82199999999992,102.81099999999985,102.90299999999996,102.97433333333336,102.83791940194423,102.85875186356773,-0.020832461623498943,0.005610300239950372,-0.05288552372689863
122842,2016-01-07,102.7,100.0,100.0,72.3,72.55,1004,783978.0,0.0,,,-0.2935735150925025,96.81999999999992,99.79599999999981,101.36549999999997,101.946,98.17823949395282,100.61365913251146,-2.435419638558642,-0.4825956875197683,-3.9056479020777473
122842,2016-01-12,72.55,73.0,73.19,72.65,73.1,338,247036.0,0.0,,,0.007580978635423806,90.84999999999991,96.83599999999979,99.85799999999998,100.936,94.32004880257546,98.57561030752657,-4.2555615049511175,-1.2371888510060385,-6.036745307890158
122842,2016-01-13,73.1,73.1,73.1,73.1,73.1,424,309944.0,0.0,,,0.0,84.8299999999999,93.81599999999979,98.36299999999996,99.95266666666667,91.05542590987154,96.68852806222075,-5.63310215234921,-2.116371511274673,-7.033461282149074
122842,2016-01-14,73.1,73.1,73.1,73.1,73.1,213,155703.0,0.0,,,0.0,78.90999999999988,90.8559999999998,96.86799999999997,98.982,88.29305269296823,94.94122968698095,-6.648176994012715,-3.022732607822282,-7.250888772380867
122842,2016-01-15,73.1,76.0,76.0,76.0,76.0,3,2280.0,0.0,,,0.03967168262653907,73.56999999999991,88.19599999999978,95.51799999999996,98.07200000000002,86.40181381712696,93.53817563589979,-7.136361818772826,-3.845458450012391,-6.58180673752087
122842,2016-01-18,76.0,75.87,75.87,73.0,73.0,6,4466.0,0.0,,,-0.03947368421052632,73.65999999999988,85.23999999999981,94.01299999999996,97.07200000000002,84.33999630679975,92.01682929230536,-7.676832985505612,-4.611733357111036,-6.130199256789153
122842,2016-01-21,73.0,73.0,73.0,73.0,73.0,1000,730000.0,0.0,,,0.0,73.6399999999999,82.2449999999998,92.52299999999997,96.06200000000001,82.59538149036902,90.6081752704864,-8.012793780117377,-5.291945441712305,-5.441696676810144
122842,2016-01-28,73.0,73.0,73.0,73.0,73.0,4000,2920000.0,0.0,,,0.0,73.61999999999989,79.2249999999998,91.02299999999997,95.05033333333334,81.11916895338916,89.3038659910482,-8.184697037659035,-5.870495760901652,-4.628402553514766
122842,2016-02-03,73.0,73.0,73.0,72.9,72.9,1320,962378.0,0.0,,,-0.0013698630136985525,73.57999999999987,76.2449999999998,89.52799999999998,94.037,79.85468142209852,88.08876480640284,-8.234083384304313,-6.343213285582185,-3.7817401974442557
122842,2016-02-04,72.9,72.9,72.9,72.3,72.9,17970,13099788.0,0.0,,,0.0,72.95999999999988,73.2649999999998,88.03799999999998,93.02366666666668,78.78473043408336,86.96367111693398,-8.178940682850623,-6.710358765035874,-2.937163835629498
122842,2016-02-15,72.9,73.0,73.0,72.9,72.9,301,219430.0,0.0,,,0.0,72.93999999999987,73.29999999999978,86.54799999999996,92.01033333333334,77.87938729037822,85.92191770077419,-8.042530410395969,-6.976793094107893,-2.131474632576152
122842,2016-02-16,72.9,72.9,72.95,72.9,72.95,514,374713.0,0.0,,,0.0006858710562413875,72.92999999999985,73.28499999999978,85.06049999999998,91.00033333333332,77.12102001493541,84.96103490804686,-7.840014893111444,-7.149437453908604,-1.381154878405681
122842,2016-02-18,72.95,72.9,72.9,72.9,72.9,100,72900.0,0.0,,,-0.0006854009595613044,72.90999999999988,73.2649999999998,83.54049999999998,89.99700000000001,76.47163232032996,84.06762491479158,-7.59599259446162,-7.238748482019207,-0.7144882248848266
122842,2016-02-23,72.9,73.05,73.05,73.05,73.05,123,89852.0,0.0,,,0.002057613168724163,72.93999999999987,73.25999999999978,82.05799999999998,88.99866666666668,75.94522734797151,83.25150455067659,-7.3062772027050755,-7.252254226156381,-0.10804595309738829
122842,2016-03-23,73.05,73.0,73.0,73.0,73.0,125,91250.0,0.0,,,-0.0006844626967829863,72.95999999999988,72.95999999999978,80.57799999999997,87.99866666666668,75.49211544828358,82.4921338431705,-7.000018394886922,-7.201807059902489,0.4035773300311334
122842,2016-03-24,73.0,73.2,73.2,73.2,73.2,4885,3575820.0,0.0,,,0.0027397260273973,73.01999999999988,72.97999999999978,79.10999999999999,87.00200000000001,75.1394823023938,81.80382763252454,-6.664345330130743,-7.0943147139481395,0.8599387676347927
122842,2016-03-30,73.2,73.48,73.48,73.48,73.48,1,735.0,0.0,,,0.0038251366120218727,73.12599999999988,73.02799999999978,77.63649999999998,86.02466666666666,74.88417733279475,81.1872478078593,-6.303070475064544,-6.936065866171421,1.2659907822137537
122842,2016-04-11,73.48,73.0,73.0,72.7,72.7,9377,6819274.0,0.0,,,-0.010615133369624405,73.08599999999987,72.9979999999998,76.11149999999998,85.01466666666666,74.54815005082632,80.55856278502299,-6.010412734196663,-6.75093523977647,1.4810450111596136
122842,2016-04-12,72.7,72.7,72.7,72.6,72.7,7000,5087000.0,0.0,,,0.0,73.01599999999988,72.9779999999998,74.61149999999998,84.01133333333331,74.26381927377612,79.97644702314207,-5.71262774936595,-6.5432737416943665,1.6612919846568328
122842,2016-04-13,72.7,72.7,72.7,72.7,72.7,3826,2781502.0,0.0,,,0.0,72.95599999999988,72.9579999999998,73.11149999999998,83.01133333333331,74.02323169319519,79.43745094733032,-5.4142192541351335,-6.317462844182521,1.8064871800947753
122842,2016-04-22,72.7,72.25,72.25,72.25,72.25,3,2168.0,0.0,,,-0.006189821182943643,72.76599999999988,72.8929999999998,73.09649999999998,81.99633333333331,73.750426817319,78.90504717343254,-5.15462035611354,-6.084894346568726,1.860547980910372
122842,2016-04-25,72.25,72.3,73.28,72.3,73.28,201,145333.0,0.0,,,0.014256055363321815,72.72599999999986,72.9259999999998,73.10549999999998,81.01566666666666,73.67805346080839,78.48837701242199,-4.810323551613607,-5.829980187577703,2.039313271928192
122842,2016-05-10,73.28,74.0,74.0,73.47,73.47,101,74259.0,0.0,,,0.0025927947598252967,72.87999999999988,72.9829999999998,73.124,80.02133333333332,73.64604523606863,78.11664538185937,-4.4706001457907405,-5.558104179220311,2.1750080668591405
122842,2016-05-12,73.47,73.47,73.47,73.46,73.47,7328,5383881.0,0.0,,,0.0,73.03399999999986,73.0249999999998,73.14250000000001,79.04699999999998,73.61896135359653,77.77244942763654,-4.153488074040013,-5.2771809581842515,2.2473857682884777
122842,2016-05-16,73.47,73.47,73.47,73.47,73.47,1,735.0,0.0,,,0.0,73.18799999999986,73.0719999999998,73.016,78.07599999999998,73.59604422227399,77.4537494700244,-3.857705247750417,-4.993285816097485,2.271161136694136
122842,2016-05-17,73.47,72.4,72.5,72.4,72.5,40,28980.0,0.0,,,-0.013202667755546469,73.23799999999986,73.00199999999981,72.99100000000001,77.07399999999998,73.42742203423184,77.08680506482735,-3.6593830305955066,-4.726505258997089,2.134244456803165
122842,2016-06-02,72.5,72.5,72.5,72.5,72.5,62,44950.0,0.0,,,0.0,73.08199999999985,72.9039999999998,72.96600000000002,76.05899999999998,73.2847417212731,76.74704172668336,-3.4623000054102704,-4.473664208279725,2.02272840573891
122842,2016-06-17,72.5,72.5,72.5,72.5,72.5,1,725.0,0.0,,,0.0,72.88799999999985,72.8839999999998,72.941,75.03566666666666,73.16401222569262,76.43244604321794,-3.2684338175253203,-4.232618130128844,1.9283686252070478
122842,2016-06-27,72.5,72.5,75.0,72.5,75.0,63,47175.0,0.0,,,0.03448275862068965,73.19399999999985,73.1139999999998,73.046,74.11233333333331,73.44647188327836,76.3263389289032,-2.8798670456248345,-3.9620679132280423,2.1644017352064155
122842,2016-07-06,75.0,72.54,72.54,72.54,72.54,6,4352.0,0.0,,,-0.03279999999999992,73.00799999999985,73.0979999999998,73.02799999999998,73.107,73.3070146704663,76.04586937860842,-2.7388547081421137,-3.717425272210857,1.9571411281374864
122842,2016-07-07,72.54,72.4,72.54,72.4,72.54,17,12330.0,0.0,,,0.0,73.01599999999986,73.12699999999978,73.00999999999998,73.10666666666665,73.18901241347149,75.7861753505585,-2.597162937087006,-3.4933728051860866,1.7924197361981609
122842,2016-08-16,72.54,71.3,71.3,71.3,71.3,1,713.0,0.0,,,-0.017094017094017217,72.77599999999988,72.92899999999976,72.92749999999998,73.04666666666667,72.89839511909126,75.4538660653262,-2.5554709462349336,-3.3057924333958564,1.5006429743218455
122842,2016-08-24,71.3,71.3,71.3,71.3,71.3,1,713.0,0.0,,,0.0,72.53599999999986,72.71199999999978,72.84749999999998,72.9866666666667,72.6524881776926,75.14617228270451,-2.4936841050119085,-3.1433707677190674,1.2993733254143178
122842,2016-08-30,71.3,71.3,71.31,71.3,71.3,91,64884.0,0.0,,,0.0,71.79599999999985,72.49499999999976,72.75999999999998,72.92666666666669,72.4444130734322,74.86127063212957,-2.416857558697373,-2.998068125914729,1.1624211344347115
122842,2016-09-01,71.3,71.4,71.88,71.4,71.88,13,9335.0,0.0,,,0.008134642356241211,71.66399999999986,72.33599999999976,72.70399999999998,72.78933333333336,72.35758029290417,74.64043577048731,-2.2828554775831407,-2.8550255962484115,1.1443402373305416
122842,2016-09-02,71.88,72.2,72.2,72.2,72.2,3570,2577540.0,0.0,,,0.00445186421814145,71.59599999999986,72.30599999999976,72.65399999999997,72.76266666666669,72.33333717091891,74.45966275044893,-2.126325579530018,-2.7092855929047333,1.16592002674943
122842,2016-09-05,72.2,71.02,72.0,71.02,72.0,50,35804.0,0.0,,,-0.0027700831024931143,71.73599999999985,72.25599999999976,72.57999999999997,72.72933333333336,72.28205452923908,74.2774655096728,-1.995410980433718,-2.5665106704105303,1.1421993799536247
122842,2016-09-06,72.0,71.5,72.1,71.5,71.8,30,21575.0,0.0,,,-0.0027777777777778173,71.83599999999986,72.18599999999977,72.53499999999997,72.68933333333334,72.20789229397153,74.09394954599132,-1.8860572520197962,-2.4304199867323835,1.0887254694251745
122842,2016-09-07,71.8,71.5,72.0,71.5,72.0,20,14375.0,0.0,,,0.0027855153203343017,71.97599999999986,71.88599999999977,72.49999999999997,72.65933333333334,72.17590886412975,73.93884217221263,-1.7629333080828786,-2.2969226510024825,1.0679786858392077
122842,2016-09-08,72.0,72.1,72.1,72.1,72.1,15,10815.0,0.0,,,0.00138888888888881,72.01999999999985,71.84199999999976,72.46999999999996,72.6326666666667,72.16423057734055,73.80263164093635,-1.6384010635958077,-2.1652183335211475,1.0536345398506795
122842,2016-09-19,72.1,72.1,72.1,72.1,72.1,1000,721000.0,0.0,,,0.0,71.99999999999986,71.79799999999976,72.46249999999995,72.60600000000002,72.15434895005738,73.67651077864369,-1.5221618285863059,-2.036607032534179,1.0288904078957462
122842,2016-11-07,72.1,70.5,71.8,70.5,71.7,320,227525.0,0.0,,,-0.005547850208044265,71.93999999999986,71.83799999999978,72.38349999999996,72.56433333333334,72.084449111587,73.53010257281706,-1.4456534612300516,-1.9184163182733533,0.9455257140866036
122842,2016-11-11,71.7,73.0,73.0,73.0,73.0,5,3650.0,0.0,,,0.018131101813110145,72.17999999999985,72.00799999999978,72.35999999999996,72.56766666666667,72.22530309441977,73.49083571557107,-1.2655326211512943,-1.7878395788489416,1.0446139153952947
122842,2016-11-16,73.0,70.8,71.01,70.8,71.0,10,7096.0,0.0,,,-0.0273972602739726,71.97999999999985,71.9779999999998,72.23649999999995,72.49933333333334,72.03679492604749,73.30632936626824,-1.2695344402207525,-1.684178551123304,0.8292882218051032
122842,2016-11-17,71.0,71.0,71.03,71.0,71.03,4,2841.0,0.0,,,0.0004225352112676217,71.76599999999985,71.8929999999998,72.11449999999995,72.43366666666667,71.88190339896326,73.13771237617323,-1.2558089772099663,-1.5985046363406366,0.6853913182613405
122842,2016-12-02,71.03,70.41,70.9,70.3,70.9,653,460583.0,0.0,,,-0.001830212586231105,71.52599999999985,71.76299999999978,72.03449999999995,72.35700000000001,71.7308413375843,72.97195590386312,-1.2411145662788243,-1.5270266223282742,0.5718241120988998
122842,2016-12-30,70.9,70.0,70.5,70.0,70.5,50,35125.0,0.0,,,-0.005641748942172153,71.28599999999985,71.6129999999998,71.93449999999996,72.2576666666667,71.5414811318021,72.78884805913151,-1.2473669273294092,-1.4710946833285015,0.44745551199818445
122842,2017-01-05,70.5,70.5,70.55,70.5,70.55,170,119885.0,0.0,,,0.0007092198581559881,70.79599999999985,71.4879999999998,71.83699999999995,72.18600000000002,71.38894557306332,72.62300746215796,-1.234061889094633,-1.4236881244817279,0.37925247077418955
122842,2017-02-08,40.55,40.28,40.7,40.28,40.7,133,53750.0,0.0,,,0.0036991368680642594,64.73599999999985,68.35799999999979,70.12199999999996,71.11933333333336,66.66756933105358,70.25834024272781,-3.590770911674227,-1.857104681920228,-3.4673324595079977
122842,2017-02-13,40.7,40.77,40.78,40.77,40.78,3040,1239411.0,0.0,,,0.0019656019656019235,58.68599999999985,65.22599999999979,68.53399999999996,70.0553333333334,62.68486635704533,68.0747594839978,-5.389893126952465,-2.563662370926676,-5.652461512051579
122842,2017-05-09,40.78,40.0,40.3,40.0,40.3,2000,803000.0,0.0,,,-0.011770475723393918,52.565999999999846,62.04599999999978,66.92199999999995,68.99033333333338,59.24104076365374,66.01736989258231,-6.776329128928566,-3.4061957225270545,-6.740266812803023
